Name,Count
Bella,858
Max,605
Charlie,595
Molly,588
Ruby,398
Oscar,387
Jack,372
Coco,359
Buddy,354
Roxy,329
Lucy,329
Toby,304
Rosie,280
Millie,266
Daisy,258
Missy,244
Bonnie,244
Maggie,229
Milly,224
Archie,215
Harry,214
Chloe,207
Jasper,195
Milo,191
Lily,189
Sam,187
Poppy,185
Tilly,183
Ollie,181
Mia,178
Jessie,176
Tess,175
BAILEY,175
Rusty,171
Monty,167
Lilly,166
Zoe,164
Diesel,164
Sasha,163
Misty,160
Rocky,158
Rex,157
Buster,156
Billy,154
(blank),151
Tiger,147
George,144
Holly,139
Cooper,139
Pepper,137
Harley,136
Jess,132
Penny,127
Marley,124
Barney,123
Pippa,122
Lulu,122
Shadow,116
Lucky,116
SOPHIE,115
Teddy,114
Gus,113
Lola,112
Jet,112
Gypsy,112
Angus,112
Angel,110
Zac,108
Beau,105
Willow,102
Stella,101
Cleo,101
Bear,101
Sally,100
Patch,100
Bobby,99
Sandy,95
Harvey,95
Henry,95
Gemma,95
Leo,94
Honey,93
Murphy,92
Simba,91
Ella,90
Gizmo,85
Frankie,83
Alfie,83
Buffy,83
Benji,82
Dexter,80
Ellie,79
Sammy,78
Indi,78
Belle,78
Banjo,77
Jake,76
Ralph,75
Matilda,75
Lexi,75
Hamish,75
Hugo,74
Jazz,73
Smokey,71
Princess,71
Mac,71
Louie,71
Tyson,70
CHESTER,70
Meg,69
Georgie,69
Baxter,68
Indy,67
Abby,67
Polly,66
Bindi,66
Tigger,65
Zeus,65
Sooty,65
Cindy,65
Scruffy,64
Pip,64
Jimmy,64
Basil,64
Bob,61
Ben,61
Luna,60
Eddie,60
Cody,60
Abbey,60
phoebe,59
Kitty,59
Ted,58
Dusty,58
Ziggy,57
Cookie,57
Winnie,55
Storm,55
Charli,55
Bruce,55
Nala,54
Jackson,54
Billie,54
Snoopy,53
Minnie,53
Cassie,53
Ally,53
Bundy,53
Axel,53
Boof,53
Peppa,52
Ginger,52
Snowy,51
Ned,51
Izzy,51
Duke,51
Felix,50
Wally,49
Riley,48
Nellie,48
Fluffy,48
Annie,48
Spike,47
Jemma,47
Lexie,47
Tom,46
Sox,46
Puss,46
Lady,46
Smudge,45
Jax,45
lENNY,45
Darcy,45
Casper,45
Chilli,45
Benny,45
Oliver,44
Pixie,44
Hunter,44
Winston,43
Rufus,43
Louis,43
Jett,43
Koda,43
Jed,43
Pebbles,42
Paddy,42
Roger,42
Cosmo,42
Muffin,41
Jasmine,41
Scout,40
Paris,40
Kelly,40
Ebony,40
Roy,39
Indie,39
Fergus,39
Jackie,39
Dash,39
Amber,39
Tommy,38
Narla,38
Heidi,38
Timmy,37
Spud,37
Sebastian,37
Suzie,37
Mack,37
Evie,37
Bandit,37
Tara,36
Scooby,36
Shelby,36
Rupert,36
Nelson,36
Kira,36
Gracie,36
Charlotte,36
Trixie,35
Mishka,35
Axle,35
Alice,35
Zara,34
Jesse,34
Leroy,34
Benson,34
Boris,34
Ace,34
Thomas,33
Spencer,33
Sadie,33
Summer,33
Sunny,33
Maisie,33
Chelsea,33
Digger,33
Crystal,33
Tessa,32
Tully,32
Tasha,32
Tiny,32
Samson,32
Loki,32
Dozer,32
Boston,32
Wilson,31
Skye,31
PePe,31
Maximus,31
Murray,31
Mickey,31
Kimba,31
Elvis,31
Sparky,30
Piper,30
Jock,30
Fred,30
Clyde,30
Bruno,30
Bronson,30
Amy,30
Bubbles,30
Red,29
Percy,29
Lizzie,29
Koko,29
Floyd,29
Emma,29
Casey,29
Brandy,29
Bronte,29
Woody,28
Reggie,28
Panda,28
Nugget,28
Maddie,28
Mitzi,28
MAISY,28
Candy,28
Bentley,28
Boo,28
Kirra,27
Joey,27
Gidget,27
Frank,27
Betty,27
Zena,26
Tia,26
Sheba,26
Susie,26
Merlin,26
Maya,26
Hank,26
Elly,26
Bluey,26
Boots,26
Tammy,25
Walter,25
Rory,25
Spot,25
Prince,25
Peggy,25
Mollie,25
Maxi,25
Kobi,25
LAYLA,25
Ivy,25
Fifi,25
Chevy,25
Boss,25
Asha,25
Turbo,24
Olive,24
Grace,24
Fudge,24
Buzz,24
Butch,24
Bess,24
Ash,24
Biscuit,24
Blue,24
Tinkerbell,23
Tex,23
Misha,23
Cuddles,23
Buckley,23
Astro,23
Tank,22
Salem,22
Nina,22
Pippin,22
Possum,22
MAVERICK,22
Josie,22
Kevin,22
Junior,22
Lottie,22
Hudson,22
Isabella,22
Indiana,22
Goldie,22
Busta,22
Scooter,21
Sonny,21
Snoop,21
Romeo,21
Robbie,21
Patches,21
Otis,21
Pepsi,21
Mojo,21
Macey,21
Midnight,21
Mitch,21
Milli,21
Koby,21
Franklin,21
Flash,21
Caesar,21
Cougar,21
DUDLEY,21
Audrey,21
Blossom,21
Brodie,21
Zeke,20
Tabitha,20
Xena,20
Suki,20
Russell,20
Puss Puss,20
Nelly,20
Rascal,20
Pearl,20
Peppi,20
Ninja,20
MiMi,20
Minty,20
Mali,20
Jinx,20
Levi,20
Kobe,20
Kiara,20
Coby,20
Austin,20
Bo,20
Bessie,20
Blackie,20
Tim,19
Socks,19
Soxy,19
Olly,19
Phoenix,19
Neo,19
Macy,19
Katie,19
Jaz,19
Hannah,19
Flynn,19
Hazel,19
Hercules,19
Gem,19
Ernie,19
Eddy,19
Dakota,19
Bonny,19
Aussie,19
Yogi,18
Tabby,18
Rose,18
Sid,18
Rocket,18
Mika,18
Maddy,18
Jedda,18
Lacey,18
Finn,18
Emily,18
Diva,18
Cocoa,18
Albert,18
BJ,18
Taz,17
Zak,17
Whiskey,17
Wilbur,17
Stanley,17
Star,17
Scamp,17
Peanut,17
Rocco,17
Peaches,17
Pumpkin,17
Nitro,17
Miley,17
Miffy,17
Karma,17
Elmo,17
Buttons,17
Dolly,17
Bill,17
Arnie,17
Barry,17
Taffy,16
Tigga,16
Taj,16
Sassy,16
Roxie,16
Patrick,16
Pippi,16
Macca,16
Mo,16
Mason,16
Lou Lou,16
Jessica,16
Larry,16
JAFFA,16
Chase,16
Digby,16
Clancy,16
Charley,16
Brutus,16
Allie,16
Abbie,16
Thor,15
Tiffany,15
Toto,15
Rubi,15
Sarah,15
Sookie,15
Scotty,15
Remy,15
Ringo,15
Pickles,15
River,15
Pablo,15
Mabel,15
Mackie,15
Mindy,15
Mini,15
Lewis,15
Jerry,15
Kiki,15
Lizzy,15
Hope,15
Chopper,15
Delilah,15
Byron,15
Claude,15
Ava,15
Bomber,15
Violet,14
Tilley,14
Tash,14
Trevor,14
Yoshi,14
Sky,14
Snow,14
Spotty,14
Pedro,14
Ozzie,14
Pippy,14
Odie,14
Mittens,14
Marli,14
Merlot,14
Mango,14
Morgan,14
Mischa,14
Lolly,14
Juno,14
Latte,14
Lara,14
Freddie,14
Humphrey,14
Gabby,14
Georgia,14
Gucci,14
Dougal,14
Ari,14
Ali,14
Betsy,14
Asher,14
Blacky,14
Albie,14
Tina,13
Sarge,13
Sheeba,13
Samantha,13
Seth,13
Sammi,13
Skipper,13
Scarlett,13
Otto,13
Nikita,13
Nikki,13
Pepi,13
Pugsley,13
Mandy,13
Mitzy,13
Missie,13
Kaiser,13
JJ,13
Lochie,13
Kenny,13
Garfield,13
Hollie,13
Earl,13
Dot,13
Dora,13
Doug,13
Chief,13
Chappy,13
Becky,13
Angie,13
Bart,13
Bobbie,13
TIDDLES,12
Will,12
Zorro,12
TJ,12
Toffee,12
Rowdy,12
Shiloh,12
Saxon,12
Stevie,12
Sampson,12
Stumpy,12
Sienna,12
PJ,12
Nigel,12
Norman,12
Oakley,12
Parker,12
Rogue,12
Maxie,12
Minx,12
Kasey,12
Jarrah,12
Freddy,12
Huey,12
Eva,12
Harper,12
Jacko,12
Dizzy,12
Cruz,12
Cherry,12
Captain,12
Brock,12
Bridget,12
Brian,12
Ada,12
Blaze,12
Alex,12
Tonka,11
Titan,11
Tuppence,11
William,11
Thunder,11
Willy,11
Snickers,11
Sugar,11
Russ,11
Rosco,11
Saffy,11
Shelly,11
Ripley,11
Peter,11
Noah,11
Raff,11
Ricky,11
Rani,11
Ozzy,11
Oskar,11
Mila,11
Moe,11
Mocha,11
Monkey,11
Marlee,11
Marvin,11
Mischief,11
Kia,11
Joe,11
Kellie,11
Jenna,11
Kate,11
Libby,11
Jordan,11
Kipper,11
Flossy,11
Homer,11
Fletcher,11
Jagger,11
Echo,11
Hector,11
Fonzie,11
Elle,11
Jade,11
GARY,11
Harriet,11
Chocolate,11
Chuck,11
Dj,11
Chad,11
Daphne,11
Bodie,11
Bouncer,11
Brax,11
Bowie,11
Zoey,10
Tibby,10
Sylvester,10
Scrappy,10
Squirt,10
Sabrina,10
Skittles,10
Suzy,10
Shorty,10
Ruben,10
Rambo,10
Occy,10
Radar,10
Rebel,10
Oreo,10
Nero,10
Manny,10
MJ,10
Megs,10
Marlie,10
Jemima,10
Kitten,10
Keisha,10
Jazzy,10
Leila,10
JD,10
Luci,10
Geordie,10
Iggy,10
Foxy,10
Danny,10
Chanel,10
Dodger,10
Delta,10
Dennis,10
CJ,10
Chip,10
Archer,10
Bell,10
Boomer,10
Baby,10
Bronx,10
Bambi,10
Baci,10
Annabelle,10
Boy,10
Arnold,10
Apollo,10
Ty,9
Yuki,9
Tippy,9
Winter,9
Zach,9
Tinker,9
Zali,9
Theodore,9
Tobi,9
Whisky,9
Tassie,9
Sooky,9
Scarlet,9
Sheldon,9
Schnitzel,9
Scratchy,9
Sari,9
Sparkles,9
Skip,9
Sami,9
Snowball,9
Saffron,9
Priscilla,9
Oska,9
Pepa,9
Ralphie,9
Rafa,9
Meeko,9
Moby,9
Muffy,9
Marmalade,9
Major,9
Jay,9
Kit Kat,9
Luke,9
Johnny,9
Lillie,9
Logan,9
Keira,9
Floss,9
Faith,9
Eve,9
Isabelle,9
Freya,9
Elli,9
Griffin,9
HUTCH,9
Flo,9
Happy,9
Cinnamon,9
Cadbury,9
Django,9
Diamond,9
Chucky,9
Chardy,9
Chewy,9
Dixie,9
Brandi,9
Alby,9
Arthur,9
BERT,9
Bolt,9
Bindy,9
Taco,8
Tinka,8
Tony,8
Tango,8
Wendy,8
Vegas,8
Willis,8
Yoda,8
Tiger Lily,8
Tucker,8
Slinky,8
Shae,8
Steve,8
Ruffy,8
Shaggy,8
Salty,8
Suzi,8
Snuggles,8
Sheila,8
Spider,8
Shep,8
Ryder,8
Seven,8
Roly,8
Noodles,8
Reuben,8
Noddy,8
Obi,8
PANDORA,8
Precious,8
Nash,8
Pussy,8
Ralphy,8
Rolly,8
Moose,8
Mikey,8
Morris,8
Mitsy,8
Nacho,8
Napoleon,8
Marnie,8
Micky,8
Moses,8
Min,8
Mike,8
Magic,8
Nahla,8
Minka,8
Madison,8
Kyra,8
Kaos,8
Lexy,8
Kayla,8
Kya,8
Jill,8
Jenny,8
Jim,8
Lili,8
Jaspa,8
Kara,8
Jetta,8
Jasmin,8
Jag,8
Flip,8
Hendrix,8
Freckles,8
Ed,8
Gigi,8
Elizabeth,8
Gina,8
Chewie,8
Charlie Brown,8
Cobber,8
Cara,8
Chino,8
Cleopatra,8
Butters,8
Cloe,8
Curly,8
Cricket,8
Dobby,8
Duncan,8
Anna,8
Bosco,8
Bruiser,8
Bodhi,8
Buddha,8
April,8
Biggles,8
Bam,8
Brody,8
Velvet,7
Trigger,7
Wesley,7
Sydney,7
Zulu,7
Tink,7
Wallace,7
Syd,7
Wilma,7
Titch,7
Tori,7
Snowbell,7
Stuart,7
Sascha,7
Spooky,7
Soda,7
Shelley,7
Sage,7
Ruski,7
Sumo,7
Sara,7
Squeak,7
Sonic,7
Olivia,7
Rodger,7
Pud,7
Nell,7
Puddy,7
Perry,7
Nicky,7
Prada,7
Remi,7
Opal,7
Rahni,7
Opie,7
Rasta,7
Peppie,7
Pierre,7
MISS MOLLY,7
Mary,7
Medo,7
Marty,7
Mister,7
Mackenzie,7
Munchkin,7
Malibu,7
Meisha,7
Maxine,7
Monte,7
Mouse,7
Maddison,7
Midge,7
Kirby,7
JoJo,7
Lachie,7
Kane,7
Lilli,7
Jewel,7
Josh,7
Jethro,7
Jessy,7
Jem,7
Lila,7
Kimmy,7
Little One,7
Kingston,7
Lollie,7
Elliot,7
Emmy,7
Flossie,7
Eric,7
Fleur,7
Gilbert,7
Fergie,7
Henri,7
Ember,7
Herbie,7
Inky,7
Florence,7
Flick,7
Holley,7
Gazza,7
Cat,7
Darby,7
Cheeky,7
Deisel,7
Cash,7
Douglas,7
Daisey,7
Comet,7
Clover,7
Chrissy,7
Dino,7
Button,7
Alvin,7
Boofa,7
Armani,7
Bowser,7
AJ,7
Babe,7
Bud,7
Bridie,7
Ajax,7
Benjamin,7
Bullet,7
Bosley,7
Alley,7
Beethoven,7
Tim Tam,6
Tabatha,6
Tessie,6
Zack,6
Wolf,6
Tiggy,6
Wags,6
Truffles,6
Watson,6
Zen,6
Tashi,6
Ziva,6
Topsy,6
Tiki,6
Zipper,6
Sambo,6
Spice,6
Roxi,6
Scully,6
Shiraz,6
Rylie,6
Sprocket,6
Stormy,6
Rooney,6
Rueben,6
Seamus,6
Ruby Rose,6
Sharni,6
Preston,6
Rhani,6
Reef,6
Pete,6
Natasha,6
Patsy,6
Rodney,6
Orlando,6
Nicki,6
Pipi,6
Portia,6
Nipper,6
Randy,6
Nuggett,6
Minky,6
Mya,6
Moo,6
Maxx,6
Milla,6
Meika,6
Maddi,6
Memphis,6
Mozart,6
Lunar,6
Mylo,6
Miki,6
Marbles,6
LOCKIE,6
Jonah,6
Kai,6
Juddy,6
Lilo,6
Lucia,6
Lewie,6
Lani,6
Jamie,6
Leia,6
Jilly,6
Kaz,6
Jeff,6
Leni,6
Luca,6
Leon,6
Loui,6
Krystal,6
Jager,6
Gilly,6
Indigo,6
Gin,6
Gin Gin,6
Hayley,6
Elliott,6
Elsa,6
Fletch,6
Ginny,6
Gordon,6
Hilda,6
Elsie,6
Hurley,6
Ice,6
Jacky,6
Ebby,6
Hooch,6
Fritz,6
Cloud,6
Clay,6
Chev,6
Dax,6
Dougie,6
Cujo,6
Demi,6
Clifford,6
Dotty,6
Diesal,6
Cisco,6
Dodge,6
Colin,6
Chops,6
Coda,6
Connie,6
Brownie,6
Alaska,6
Arlo,6
Alfred,6
Aslan,6
Barkley,6
Bingo,6
Barnaby,6
Boo Boo,6
BB,6
Bow,6
Bernie,6
Breeze,6
Bertie,6
Axl,6
Andy,6
Blondie,6
Turtle,5
Xavier,5
TEXAS,5
Theo,5
Vincent,5
Tillie,5
Tyler,5
Webster,5
XANDER,5
Tinkerbelle,5
Tama,5
Whiskas,5
Zarah,5
Whiskers,5
Wilfred,5
Twiggy,5
Zola,5
Zuri,5
Tye,5
Twinkle,5
Rosy,5
Ronnie,5
Roo,5
Sparkie,5
Sebastion,5
Steele,5
Rubin,5
Shady,5
Solomon,5
Roxanne,5
SMOOCH,5
Sailor,5
Sheena,5
Stewart,5
Sierra,5
Stinky,5
Stan,5
Shakira,5
sapphire,5
Sweet Pea,5
Onyx,5
Paws,5
Pee Wee,5
Neville,5
Robin,5
Pixel,5
Rexy,5
Pixi,5
Rigby,5
OBIE,5
Petal,5
Odin,5
Neko,5
Pumba,5
Nessie,5
Nemo,5
Raz,5
Penelope,5
Mooch,5
Milko,5
Myf,5
Maxwell,5
Ming,5
Meeka,5
Muddy,5
Macka,5
Mate,5
Melody,5
Milley,5
Meow,5
Lyla,5
Merv,5
Martha,5
Mak,5
Muffins,5
Mick,5
Myrtle,5
Mako,5
Maggie May,5
Miles,5
Nancy,5
Laddie,5
Jodie,5
Java,5
Jules,5
Jetson,5
James,5
Keesha,5
Jinxy,5
Lu Lu,5
Keely,5
JORDIE,5
Lex,5
Kim,5
Lexus,5
Lana,5
Kouta,5
Lou,5
Licorice,5
JIMI,5
Kuma,5
Jay Jay,5
Jaxon,5
Lucinda,5
Kenya,5
Luka,5
Harlow,5
Izzi,5
Ghost,5
Finnigan,5
Holli,5
Indianna,5
Gertie,5
GINGE,5
HOBBES,5
Grover,5
Guinness,5
Guiness,5
Fatty,5
Elwood,5
Girlie,5
Goose,5
Gretel,5
Fern,5
Fang,5
Ivory,5
Halo,5
Crumpet,5
Dante,5
Carla,5
Cali,5
Dottie,5
Duffy,5
Cruze,5
Chai,5
Choco,5
Dog,5
Dotti,5
Denzel,5
Claire,5
Domino,5
Charly,5
Donny,5
Dyson,5
Doogie,5
Chance,5
China,5
Doris,5
Campbell,5
Cola,5
Bree,5
Blake,5
Alli,5
Baxta,5
Archi,5
Baz,5
Buck,5
Bazil,5
Anzac,5
Beauty,5
Wednesday,5
Anastasia,5
Bongo,5
Badger,5
Bubba,5
Bailee,5
Buddie,5
Biggie,5
Bam Bam,5
Bobo,5
Willie,4
Zeb,4
Terra,4
Topaz,4
Zephyr,4
Tory,4
Winky,4
Travis,4
Yoko,4
Trinity,4
Zeena,4
Trudy,4
Zippy,4
Tuffy,4
Wills,4
Thai,4
TALLULAH,4
Vader,4
Tipsy,4
Tickles,4
Tito,4
Vinnie,4
Zed,4
Waggs,4
Zelda,4
Wanda,4
Tobias,4
Tilli,4
Tobie,4
Timothy,4
Tayla,4
Sarsha,4
Ruger,4
Rove,4
Sharnie,4
Scoota,4
Silver,4
Sushi,4
Socksy,4
Ron,4
Spunky,4
Shilo,4
Sassi,4
Sully,4
Squeaky,4
Sash,4
Squid,4
Snowflake,4
Sofie,4
Stig,4
Simon,4
Rosebud,4
Sandi,4
Scooby Doo,4
Roxxi,4
Sue,4
Steel,4
Shimmer,4
Sooki,4
Sultan,4
Steffi,4
Saba,4
Rover,4
Sunshine,4
Seb,4
Spook,4
Sootie,4
Sport,4
Rosey,4
Stewie,4
Sweetie,4
Nessa,4
Quinn,4
Noodle,4
Nutmeg,4
Presley,4
Obe,4
Poppi,4
Pushkin,4
Pipper,4
Rafferty,4
Rockie,4
Raffy,4
Pele,4
REG,4
Rollie,4
Rags,4
Poppie,4
Puska,4
Peach,4
Polar,4
Pheobe,4
Rainbow,4
Ranger,4
Pom Pom,4
Rocko,4
Raj,4
Rango,4
Rajah,4
Pretzel,4
Richo,4
Rojo,4
Pooch,4
Pup,4
Puddles,4
Nibbler,4
Pippie,4
Momo,4
MANU,4
Maci,4
Megsy,4
Marlo,4
Meow Meow,4
Maui,4
Mercedes,4
Myah,4
Magoo,4
Moet,4
Magpie,4
Molley,4
Malachi,4
Montie,4
Mikki,4
Martini,4
Mambo,4
Mungo,4
Milky,4
Magnet,4
Manfred,4
Marcus,4
Lillee,4
Jaydee,4
Lotus,4
Jaxx,4
Leonard,4
Kiah,4
LITTLE MISS,4
Kiera,4
Lucy Lou,4
Jimbo,4
Kandy,4
Jovi,4
Jewels,4
Joy,4
Lincoln,4
Jedd,4
Locky,4
Kiri,4
Jelly,4
Judy,4
Lassie,4
Juice,4
Leah,4
Knox,4
JOBE,4
Kodi,4
Leopold,4
Kody,4
Lil,4
Kosmo,4
Jersey,4
Julie,4
LIONEL,4
Kyah,4
Jeffrey,4
Julius,4
Lotti,4
Lachlan,4
Lu-Lu,4
Lacy,4
Jaxson,4
Kahlua,4
Ludo,4
Khan,4
Gloria,4
Houdini,4
Eadie,4
Edward,4
Flicka,4
Ian,4
Gypsie,4
GYSPY,4
Gabriel,4
Frodo,4
Howie,4
Imelda,4
Fez,4
Ellie May,4
HUNNY,4
India,4
Isis,4
Gonzo,4
Gismo,4
Frosty,4
Izzie,4
Freyja,4
J.D.,4
Giles,4
Jacki,4
Einstein,4
Huckleberry,4
Jai,4
Gizzy,4
Iris,4
Guss,4
Isabel,4
Hemi,4
Geisha,4
Fluff,4
Jak,4
Donna,4
Diego,4
Carlos,4
Copper,4
Caspar,4
Corey,4
Ceasar,4
Carson,4
Conan,4
Cruiser,4
Carl,4
Chips,4
Clive,4
Cairo,4
Callie,4
CUPCAKE,4
CALVIN,4
Custard,4
Dre,4
D.J,4
Caramel,4
Dakoda,4
Clara,4
Cass,4
Dior,4
Dallas,4
CC,4
Dancer,4
Charlee,4
Champ,4
Donnie,4
Dasher,4
Coco Chanel,4
Dave,4
CODIE,4
Deakin,4
Cena,4
Dee,4
Colby,4
Carter,4
Chachi,4
Demon,4
Bucks,4
Astra,4
Ashley,4
Andre,4
Atticus,4
Ayla,4
Arya,4
Aggie,4
Alexis,4
Billi,4
Astrid,4
Billy Bob,4
Bella Rose,4
Bean,4
Alan,4
Blade,4
Boswell,4
Bebe,4
Ashton,4
Bull,4
Bridgette,4
Bunny,4
Brocky,4
Adam,4
Friday,4
Bones,4
Amelia,4
Bender,4
Autumn,4
Akira,4
Amelie,4
Arrow,4
Sunday,4
Woof,3
Tizzy,3
Zahra,3
Tiga,3
Venus,3
T.J.,3
Yasmin,3
Waffles,3
Tangles,3
Trim,3
Toulouse,3
Tiggar,3
Wolfie,3
Tavish,3
Thelma,3
Sylvie,3
Yowie,3
Taya,3
Zappa,3
Trooper,3
Unknown,3
Wellington,3
Zeppelin,3
Zowie,3
Tora,3
Zues,3
Wolfgang,3
Tonks,3
Womble,3
Terry,3
Tinky,3
Wilba,3
Tish,3
T-Bone,3
Tarj,3
Tala,3
Terri,3
Tanner,3
Zane,3
Tali,3
Tarni,3
Talia,3
Tyrone,3
Tosca,3
Uno,3
Teddie,3
Usher,3
Totti,3
Tana,3
Winni,3
Valentino,3
Tutu,3
Todd,3
Wizard,3
Tux,3
Zuess,3
Westy,3
Toots,3
Tazz,3
Twitch,3
Sebbie,3
Stubby,3
Shaq,3
Sabre,3
Sherman,3
Rudy,3
Sprinkles,3
Shiro,3
Stitch,3
Shiva,3
Sullivan,3
Silvie,3
Sparkey,3
Skeeta,3
Sebby,3
Savvy,3
Shamus,3
Skitz,3
Shay,3
Saffie,3
Romy,3
Slade,3
Saphire,3
Smeagol,3
Rudi,3
Smokie,3
Spanner,3
Ruff,3
Sparkle,3
Snapper,3
Sparticus,3
Scoobie,3
Shade,3
Ruffles,3
Samuel,3
Sai,3
Squishy,3
Rossi,3
Steph,3
Snuffles,3
Shaz,3
Sakura,3
Sandie,3
Scott,3
Sheedy,3
Sofi,3
Santa,3
Sal,3
RONNY,3
Rosa,3
Ruby Tuesday,3
Sophia,3
Sarg,3
Sable,3
Shifty,3
Romulus,3
Sweep,3
Riff,3
Raja,3
Robert,3
Peggy Sue,3
Ranga,3
Pekoe,3
RIO,3
Ras,3
Orion,3
Oshi,3
Nyx,3
Phillip,3
Nova,3
Raven,3
Porsha,3
Ray,3
Odi,3
Oakie,3
Pippen,3
Razz,3
Nyah,3
Reb,3
Ralf,3
Patchy,3
Pirate,3
Purdy,3
Quincy,3
Redmond,3
Ridge,3
Pus,3
Rachael,3
Pickle,3
Niki,3
Regan,3
Nefertiti,3
Nathan,3
Raffles,3
Popcorn,3
Nippa,3
Puss Cat,3
Rock,3
Reno,3
Rocki,3
Puss In Boots,3
Pricilla,3
Pie,3
Perro,3
Rexi,3
Osca,3
Niles,3
Prudence,3
Queenie,3
PUDDA,3
Rhino,3
Pudding,3
Richie,3
Pipa,3
Marly,3
Mozzie,3
Mopsy,3
Mangles,3
Meggs,3
Lupo,3
Macgyver,3
Mina,3
MOSSIMO,3
Mindi,3
Matisse,3
Manni,3
Malcolm,3
Madam,3
Montana,3
Minki,3
Mooney,3
Mavis,3
Moscow,3
Minou,3
Moya,3
Mintie,3
Madge,3
Maple,3
Macie,3
Mischka,3
Miller,3
Miso,3
Mona,3
Nalah,3
Monster,3
Missi,3
Malee,3
MARCO,3
Mooks,3
Maisey,3
Marni,3
Misti,3
Morrie,3
MARIO,3
Marshall,3
Mitzie,3
McGee,3
Marla,3
Matthew,3
Lynx,3
Maja,3
Mal,3
Munchie,3
Moggy,3
Melanie,3
Napolean,3
Muttley,3
Meiko,3
Mai,3
Molli,3
Miah,3
Marlow,3
Maree,3
Kym,3
Keg,3
Lisa,3
Kit,3
Kendra,3
Josephine,3
Kea,3
King,3
Keera,3
Jye,3
Jonte,3
Kitty Cat,3
Lucca,3
JB,3
Jedi,3
Jayda,3
Krishna,3
Larnie,3
Little Man,3
Jayde,3
Julian,3
Kiba,3
Joshua,3
Kobie,3
Kendall,3
Jaya,3
Jonty,3
Laura,3
Kenzie,3
Jane,3
Kyuss,3
Leela,3
Jex,3
Leeroy,3
Kovu,3
Kaia,3
Julia,3
Kandi,3
Little Dog,3
Luigi,3
Kujo,3
Kodie,3
Lloyd,3
Judd,3
Kuta,3
Koopa,3
Jonesy,3
Lester,3
Kirri,3
Jeffery,3
Louey,3
Kooper,3
Lovie,3
Katey,3
Kye,3
Joel,3
Lucas,3
Kato,3
Kyle,3
Lightning,3
Lucifer,3
Killer,3
Juliette,3
Kaya,3
John,3
Lass,3
Kinta,3
Kip,3
Kita,3
Gypsy Rose,3
Hobo,3
Finley,3
Gibson,3
Holden,3
Google,3
Finbar,3
Fella,3
Harlee,3
Elroy,3
Isobel,3
Effie,3
Ginger Megs,3
Eli,3
Flora,3
Graham,3
Hamlet,3
Greg,3
Esme,3
Foxie,3
Frida,3
Grey,3
Isla,3
Gimli,3
Ivan,3
Elton,3
Franky,3
Herbert,3
Fraser,3
Fi Fi,3
J,3
Fidel,3
Genevieve,3
Inka,3
Hoover,3
Herman,3
Horace,3
Hermione,3
Jacob,3
Isaac,3
Esther,3
Hettie,3
Fiona,3
Gavin,3
Harmony,3
Eski,3
Gingy,3
Ginger Meggs,3
Cliff,3
Dorothy,3
Dylan,3
Chocco,3
Coke,3
Chippa,3
Doc,3
Dee Dee,3
Chica,3
Cal,3
Darling,3
Checkers,3
Davey,3
Della,3
Cameron,3
Cheech,3
Chi,3
cupid,3
Chisel,3
Chilly,3
Chas,3
Chocko,3
Chaser,3
Cous Cous,3
Dasha,3
Charlie Bear,3
Doza,3
Clancey,3
Dude,3
Derek,3
Calypso,3
Desmond,3
Chiquita,3
Dexta,3
Charles,3
Cutie,3
Calico,3
Diablo,3
Chibi,3
Cassy,3
Charm,3
Dibley,3
Cocco,3
Cyrus,3
Champers,3
Crash,3
Chicko,3
Caramello,3
Chili,3
Cher,3
Cinder,3
Chocky,3
Dougall,3
Dimmy,3
Candice,3
Chaos,3
Coota,3
Charlie girl,3
Duchess,3
Chappie,3
Cinderella,3
Chippy,3
Carlo,3
DEMPSEY,3
Dusky,3
Cheetah,3
Denver,3
Co Co,3
Codey,3
Braxton,3
Bianca,3
Apache,3
Addis,3
Abi,3
Abbi,3
Alf,3
Bea,3
Benni,3
Boe,3
Aragon,3
Arlie,3
Asia,3
Bon Bon,3
Barnie,3
Bondi,3
Brittany,3
Bilbo,3
Bliss,3
busby,3
Baron,3
Bonkers,3
Bubby,3
ALEXANDER,3
Auzzie,3
Bello,3
Bobbi,3
Addy,3
Bastian,3
Addie,3
Bela,3
Boofy,3
Aspen,3
Agnes,3
Brie,3
Bootsy,3
Benjie,3
BERNARD,3
Blinky,3
Borris,3
Athena,3
Annabel,3
Albi,3
B.J.,3
Browny,3
Bosun,3
Jas,3
Bindie,3
Blossum,3
Barkly,3
Boags,3
Bazza,3
Buddah,3
Boz,3
Beckham,3
Bozo,3
Binka,3
Bugsy,3
Aka,3
Barbara,3
Aphrodite,3
Blizzard,3
Ziah,2
Woogie,2
Wendel,2
Thea,2
Zani,2
Thompson,2
Viper,2
Tarja,2
Winchester,2
Tige,2
Zachary,2
Tacker,2
Zebedee,2
Tiger-Lily,2
Veronica,2
Tiggi,2
Wallie,2
Tika,2
Wil,2
Tila,2
Winkie,2
Tildy,2
Yogy,2
Tarnee,2
Zana,2
Timba,2
Tanzi,2
TIMTAM,2
Zep,2
Tin Tin,2
Zippa,2
Tinkabell,2
Victor,2
Tag,2
Waggles,2
Tisha,2
Teddi,2
Tarzan,2
Wicket,2
Titus,2
Teeka,2
Tas,2
Winifred,2
Toastie,2
Tally,2
Syrah,2
Wyatt,2
Todo,2
Tamba,2
Toki,2
Zahli,2
Tahli,2
Zander,2
Tom Tom,2
Zar,2
Tomasina,2
Zaya,2
Tommo,2
Tesse,2
Tahlia,2
Zero,2
Tomy,2
Zim,2
Toodles,2
Zoro,2
Tootie,2
Vicki,2
Tootsie,2
Vince,2
Torres,2
Vito,2
Toska,2
Wal,2
Tatiana,2
Warren,2
TRAPPER,2
Wax,2
Treasure,2
Whitey,2
Trey,2
Wiggles,2
Trinny,2
Willa,2
Trish,2
Teena,2
Trixi,2
Windsor,2
Trixie Belle,2
Wink,2
Trixy,2
Winslow,2
Troy,2
Wombat,2
Trudi,2
Wookie,2
Truffle,2
Yo Yo,2
Tania,2
Tequila,2
Truman,2
Yuna,2
Tubbsy,2
Tera,2
Tubby,2
Tammie,2
Tugga,2
Zanda,2
Tui,2
Zandra,2
Tulip,2
Zanna,2
Tuppy,2
Sylvia,2
Taiko,2
Zarli,2
Taylah,2
ZAZA,2
Taylor,2
Zeek,2
Twilight,2
Tao,2
Tyke,2
Zeph,2
Tyra,2
Zeva,2
Tzar,2
Zig Zag,2
Tc,2
Zina,2
Vanilla,2
Zita,2
VB,2
Vee,2
Zula,2
Shana,2
SHIRLEY,2
Stevie J,2
Saturn,2
Shikira,2
Sindi,2
Sachin,2
Snowey,2
Ross,2
Scooby-Doo,2
Sumi,2
Sindy,2
Slippers,2
Sissi,2
Shani,2
Snuffy,2
Stephanie,2
Sissy,2
Satan,2
Scotch,2
Stryder,2
Skampy,2
Shelbe,2
Scottie,2
Sargent,2
Sacha,2
Russel,2
Sofia,2
Shan,2
Skid,2
STACEY,2
Solar,2
Shanna,2
Rufio,2
Shari,2
Sonia,2
Sharna,2
Rufous,2
Scar,2
Scratch,2
Stoffel,2
Salsa,2
Strider,2
Scruff,2
snap,2
Sooks,2
Sagan,2
Salt,2
Snookums,2
Sav,2
Saber,2
Seal,2
SCOOBI,2
Savannah,2
Sven,2
Rugby,2
Sputnik,2
Sway,2
Smalls,2
Skittle,2
Squiggles,2
Soxs,2
Smeagle,2
Shyla,2
Stampy,2
Sass,2
Shania,2
SKOOTA,2
Shannon,2
Rumba,2
Shar,2
Rue,2
Smith,2
Rooke,2
Stephen,2
Sidney,2
Sanchez,2
Sparrow,2
Rubix,2
Skylah,2
Shayla,2
Spaz,2
Smoky,2
Speck,2
Stoli,2
Sachi,2
Silvester,2
Selina,2
Stripey,2
Selkie,2
Snag,2
Serge,2
Studley,2
Spikey,2
Sudi,2
Spiro,2
Sniffy,2
Splash,2
Snookie,2
Samie,2
Snooky,2
Rookie,2
Scobie,2
Slim,2
Shem,2
Sammie,2
Sherlock,2
Rusky,2
Satchmo,2
Scampy,2
Sabi,2
Rox,2
Snow Ball,2
Shaggs,2
Sean,2
Soxey,2
Sheiba,2
Sherbie,2
Reginald,2
Pumkin,2
Porter,2
Oona,2
O'Malley,2
Nexus,2
RJ,2
Ossie,2
Prim,2
Ouzo,2
Puzzle,2
Owen,2
Ocean,2
Oz,2
Rhubarb,2
Nibbles,2
Roley,2
Paige,2
Norm,2
Paisley,2
Nosey,2
Pancakes,2
Nudge,2
Pancho,2
Rabbit,2
Nicholas,2
Randal,2
Panther,2
Reece,2
Nick,2
Neptune,2
Pascoe,2
RIKKI,2
Pasha,2
Rod,2
Pat,2
Porky,2
Patch's,2
POSIE,2
Patti,2
Roman,2
Nifty,2
Prue,2
Pax,2
Pugsly,2
Nayla,2
Punter,2
Nigella,2
Pusscat,2
Peanuts,2
Quatro,2
PEARLY,2
Rafi,2
Pebble,2
Rampage,2
Nike,2
Rastus,2
Peddy,2
Reaper,2
Peigi,2
Ode,2
Pendles,2
REMMY,2
Nim,2
RHAPSODY,2
Peppe,2
Riff Raff,2
Peppy,2
Ritchie,2
Peri,2
Nermal,2
Ninga,2
Olli,2
Peta,2
Olliver,2
Petey,2
Porscha,2
Phantom,2
Norbett,2
Phatty,2
Prancer,2
Pheonix,2
Rolo,2
Philby,2
Rommel,2
Nino,2
Primrose,2
Philly,2
Nos,2
Nip,2
Pug,2
Pia,2
Pugsy,2
Piccolo,2
Punkin,2
Neesha,2
Puppy,2
Piglet,2
Pushka,2
Pingu,2
Pussycat,2
Pink,2
Pye,2
Pinky,2
R.J.,2
Pinot,2
Nella,2
Nixi,2
Nelli,2
NIXON,2
Rama,2
Nizmo,2
Ramses,2
No Name,2
Rastas,2
Nobby,2
Ratchet,2
Plugger,2
Razor,2
Pluto,2
Reba,2
Podgy,2
Oddie,2
Pods,2
Regie,2
Pogo,2
Reilly,2
Pokey,2
Remus,2
Pollyanna,2
Rexie,2
POLO,2
Oggy,2
PomPom,2
Richy,2
Poncho,2
Riki,2
Pongo,2
Rina,2
Ponyo,2
Oli,2
Poochie,2
Rockey,2
Pookey,2
Olley,2
Pookie,2
Rodge,2
Popeye,2
Roland,2
Poppet,2
Rolf,2
Nora,2
ROLLO,2
Porche,2
Nate,2
Mater,2
Mayah,2
Moss,2
Miranda,2
Mustard,2
Misa,2
Morpheus,2
mARA,2
Michi,2
Marble,2
Mici,2
Mala,2
Meko,2
Nani,2
Meggsie,2
Nanuk,2
Mimmi,2
Marcel,2
Mowgli,2
Miska,2
Mr Whiskers,2
Midgy,2
Muggles,2
Miss Daisy,2
Murf,2
Max Power,2
Mutty,2
Mavi,2
Myley,2
Marcia,2
Macko,2
Miss MoneyPenny,2
Madeline,2
Miss Piggy,2
Marsha,2
Missey,2
Moshie,2
Mieka,2
Motley,2
Mietta,2
Moxy,2
Miff,2
Mr Magoo,2
Missy Moo,2
Muesli,2
Mist,2
Mannie,2
Ma,2
Mumbles,2
Miffi,2
Matty,2
MARGE,2
Minni,2
Margie,2
Mutt,2
Mitchell,2
Muzz,2
Marigold,2
Myffy,2
Marilyn,2
MAO,2
Mitty,2
Minus,2
Miffie,2
Moonlight,2
Magnum,2
Maize,2
Matt,2
Morgana,2
Miya,2
Milton,2
Maude,2
Meisje,2
Maybe,2
Moshi,2
Mo Mo,2
Mosley,2
Mackey,2
Mani,2
Mocca,2
Mica,2
Moccasin,2
Moxie,2
Maddox,2
Micha,2
Marlin,2
Minette,2
Mable,2
Mr Puss,2
Magnus,2
McTavish,2
MEGSIE,2
Mufasa,2
Miko,2
Meatball,2
Mallee,2
Muggins,2
Megg,2
mugsy,2
Marlowe,2
Munch,2
Molly Rose,2
Meka,2
Matrix,2
Muppett,2
Maxy,2
Madonna,2
Matteo,2
Mushka,2
Monni,2
Mutley,2
Mattie,2
Maxwell Smart,2
Mille,2
Mutzi,2
Marmaduke,2
Maurice,2
Montey,2
Middi,2
Merry,2
Myka,2
Mahli,2
Macintosh,2
Maudie,2
Meekah,2
Mayzie,2
Nakita,2
Mookie,2
Mel,2
Mandela,2
Miss Kitty,2
Miss Mimi,2
Matilda (Tilly),2
Mishca,2
Midget,2
Nara,2
Ludwig,2
Lil Miss,2
Lars,2
Juke,2
LJ,2
Jenson,2
Kymba,2
Juniper,2
Lennie,2
Jupiter,2
Ling,2
Jynx,2
Loulou,2
Jypsy,2
Kurt,2
Kael,2
Lace,2
Jerry Lee,2
Lefty,2
Kaine,2
Jango,2
Jaspurr,2
Jelly Bean,2
Kal,2
Little Cat,2
Kalani,2
London,2
Kali,2
Jorja,2
Jeckle,2
KUBA,2
Jerzey,2
Kyan,2
Kanga,2
Kyza,2
Karina,2
Laird,2
Karla,2
Jason,2
Jassy,2
Lena,2
Kasha,2
Jangles,2
Kat,2
Lewi,2
Katherine,2
Lilley,2
Jessi,2
Lilu,2
Kaylah,2
Jolie,2
Keeley,2
Liza,2
KEIKO,2
Loli,2
Keith,2
Lotty,2
Kel,2
Jordy,2
Kelsey,2
Jemina,2
Kendi,2
Luger,2
Jester,2
Kuchi,2
Jazzie,2
Ky,2
Kesha,2
Jinks,2
Khaleesi,2
Kyo,2
Khin,2
Kyzer,2
Khloe,2
Jipsy,2
Kibbles,2
Lakey,2
Kiddy,2
Larz,2
Kimi,2
Lauren,2
Jezabel,2
LEMMY,2
Jezebel,2
Lenni,2
Kinky,2
Lennox,2
Jezza,2
Leonidas,2
Kippa,2
Lestat,2
Jazzi,2
Lightening,2
Kitkat,2
Johno,2
Kitty Kat,2
Lillian,2
Kitty Kitty,2
Lilly Pilly,2
Kiva,2
Linda,2
Kiwi,2
Lingy,2
Kizzy,2
Jolly,2
Klara,2
Jellybean,2
Klaus,2
Lizzi,2
Knuckles,2
Lochy,2
Jay-Jay,2
Lollipop,2
Koco,2
Lorenzo,2
Kodah,2
Lou-Lou,2
Kodak,2
Jaspar,2
Kong,2
Jorge,2
Koolie,2
Joseph,2
Kosta,2
Luda,2
Kota,2
Luey,2
Kozmo,2
Jakson,2
Kramer,2
Kruze,2
Elke,2
Frothy,2
Inca,2
Genghis,2
Hailey,2
Geoffrey,2
Freia,2
Harold,2
Frostie,2
Floki,2
Gaby,2
Harpo,2
Hammer,2
Fabio,2
Goldy,2
Harriett,2
Finlay,2
Harriette,2
Gray,2
Harris,2
Grubby,2
Harrison,2
Gunner,2
Edna,2
Hades,2
Falco,2
Elijah,2
Georgy,2
Flint,2
Gepetto,2
Hunni,2
Heather,2
Hush,2
Heaven,2
Frenchy,2
Heckle,2
Ike,2
Eddi,2
Erik,2
Gertrude,2
Eccles,2
Helga,2
Inu,2
Ghandi,2
Gryffindor,2
Elley,2
Esky,2
Fefe,2
Flea,2
Henrietta,2
Eden,2
Henrix,2
Hagrid,2
Gideon,2
Halle,2
Emerald,2
Jacque,2
Edwina,2
Hando,2
Fluke,2
Gema,2
Fly,2
Goku,2
Gillie,2
Freeman,2
Hermoine,2
Golly,2
Hero,2
Husk,2
Ferdinand,2
Huxley,2
Hiedi,2
Frenzal,2
Higgins,2
Igor,2
Eevee,2
Freyer,2
Hilton,2
Effy,2
Hiro,2
Gravy,2
Forest,2
Frieda,2
Forrest,2
Elfie,2
Hogan,2
Fitz,2
EMMI,2
Growler,2
Emmie,2
Grumpy,2
Eclipse,2
GT,2
Emmylou,2
Fitzy,2
Enya,2
Issy,2
Fifa,2
Gabi,2
Enzo,2
Izaac,2
Giorgio,2
Ganbit,2
Girl,2
Esse,2
Freckle,2
J.J.,2
Fig,2
Jacka,2
Horatio,2
Haley,2
Horse,2
Gasket,2
Giselle,2
Eliza,2
Howard,2
Jacqui,2
Figaro,2
JAEGER,2
Freda,2
Evan,2
Gizzmo,2
Hans,2
Fin,2
Edmund,2
Hughie,2
Eragon,2
Girly,2
Dutch,2
Cinta,2
Cossy,2
Chin Chin,2
Claudia,2
Daisy Boo,2
Chyna,2
Caddie,2
Dollar,2
Cliffy,2
Chichi,2
Dali,2
Cybil,2
Clio,2
Chevvy,2
Dalton,2
Disco,2
Dan,2
Cracker,2
Dana,2
Cruise,2
Ching,2
Crunchy,2
Chaise,2
Butter,2
Cappie,2
Dribbles,2
CASPIAN,2
Cyril,2
Cluedo,2
Daisie,2
Darcey,2
Camilla,2
Cam,2
Cilla,2
Darla,2
Cosby,2
Cassidy,2
Cary,2
Co-Co,2
Dodi,2
Coal,2
C.J.,2
Chanelle,2
Cruizer,2
Cobey,2
Dookie,2
Cobi,2
Cee Cee,2
Davy,2
Cuci,2
Dawn,2
Cess,2
Carrie,2
Drake,2
DC,2
Duck,2
Chapman,2
Cypress,2
Debbie,2
Chillie,2
Declan,2
Dyna,2
Chef,2
Chubby,2
Chocie,2
Digga,2
Dee Jay,2
Dimmi,2
Deefa,2
DimSim,2
Deegan,2
Corky,2
Deena,2
Cory,2
Deezal,2
Cinda,2
C.J,2
Charle,2
Delhi,2
Cozy,2
Casy,2
Crackers,2
Cherie,2
Cindi,2
Codi,2
Cream,2
Cherish,2
DON,2
Demo,2
Cecil,2
Chokito,2
Donut,2
Chooch,2
Doogle,2
Cohen,2
Crunchie,2
Chop,2
Crusty,2
Charcoal,2
Cruza,2
Chardonay,2
Celeste,2
Des,2
Chico,2
Desiel,2
Chile,2
Chrissie,2
Curley,2
Destiny,2
Dozzer,2
Devil,2
Curtis,2
Dex,2
Claws,2
Collingwood,2
Cashew,2
Chardonnay,2
Duff,2
Dharma,2
Duggie,2
Commet,2
Clem,2
Chubba,2
Daicos,2
Chubbs,2
Caspa,2
Didge,2
Dyno,2
Connor,2
Contessa,2
Coffee,2
Aya,2
Bitchy,2
Brindle,2
B,2
Blanche,2
Baileigh,2
Banshee,2
Blu,2
Bronie,2
Aisha,2
Anouk,2
Apple,2
Achillies,2
Barron,2
Ani,2
B.J,2
Asterix,2
Ami,2
Beavis,2
A.J.,2
Bisket,2
Beni,2
Aurora,2
Amigo,2
Abigail,2
Bobcat,2
Bee,2
Ammo,2
Bullseye,2
Argo,2
Bracken,2
Ajay,2
Amadeus,2
Baker,2
Agro,2
Boggie,2
Asti,2
Bojangles,2
Bingley,2
Bolly,2
Binks,2
Ariel,2
Aimee,2
Bomba,2
Brooke,2
Bass,2
Augie,2
Bon,2
Bryce,2
Amos,2
Anubis,2
Baloo,2
Bacon,2
Bauer,2
Budd,2
Ablett,2
Bling,2
Boni,2
Bunyip,2
Baby Girl,2
Bundi,2
BONNI,2
Ayce,2
Andie,2
Bramble,2
Bayley,2
bEANS,2
Bono,2
Amani,2
Bonsai,2
Breeza,2
Arni,2
Bing,2
Baylie,2
Binga,2
BooBoo,2
Bingle,2
Bacchus,2
Britt,2
Al,2
Brix,2
Boofhead,2
Bach,2
BESSY,2
Binky,2
Boogie,2
Birdie,2
Beth,2
Bronty,2
Artemis,2
Brook,2
Bootsie,2
Brooklyn,2
Adelaide,2
Bitty,2
Bopa,2
Augustus,2
Angelina,2
Abbott,2
Banchee,2
Brynn,2
Arwen,2
Blackey,2
Bosko,2
Bubs,2
Biddy,2
Becks,2
Alana,2
Buco,2
Biff,2
Budah,2
Big Red,2
Budda,2
Alison,2
Blazer,2
Alba,2
Ayda,2
Agatha,2
Blitz,2
Ashes,2
Alexi,2
Ashka,2
Bully,2
Bane,2
Bundie,2
Banga,2
Bunji,2
Bozley,2
Ambrose,2
Alla,2
Bloke,2
Beema,2
Worf,1
Tabaigail,1
Zebadee,1
Tipper,1
Talin,1
Taggart,1
Yoth,1
Tips,1
Zod,1
Tipster,1
Whoopi,1
Tarshi,1
Wojinski,1
Tira,1
Yabbie,1
Tirra,1
Zaira,1
Tart,1
Zeppy,1
Thumper,1
Wallpaint Tribal Colours,1
Tiska,1
Teddy B,1
Tisza,1
Wilby,1
Tisza Zombori,1
Winnifred,1
Tita,1
Taloo,1
Tagoooo,1
Xanto,1
TITAN (TARRARAY VARDAS AL,1
Ying,1
Titanium,1
Zacca,1
Tari,1
Zap,1
Titchy,1
Zeke (Ezekiel),1
Tarzi,1
Tagg,1
Titsiana Boobarini,1
Tio,1
Tittens,1
Wanza,1
Titti,1
Wellington (Bakit Kipu),1
Tittsie,1
Takara,1
Thuza,1
Wiggum,1
Tizzi,1
Talbot,1
Ti,1
Winifred Jones,1
Tahara,1
Witch,1
To-To,1
Tanji,1
Tabethia Tammy,1
Tilly Wanda,1
Tob,1
Wynne,1
Tobasco,1
Xiao Xiao,1
Tobbie,1
Yasha,1
Tobby,1
Tarquin,1
Tahiti,1
Timmi,1
Tia Maria,1
Zahlee,1
Szabo,1
Tarrantino,1
Tobin,1
Zarsha,1
Toblerone,1
Tinkabelle,1
TAHJ,1
Thruster,1
Toby Dietrich,1
Zibby,1
Tasha Bella,1
Symmo,1
Tiamo,1
Zook,1
Tody,1
Walker,1
Tahlee,1
Walnut,1
Tokay,1
Warrior,1
Tokey,1
Tansie,1
Tian Shi,1
Taka (Tasha),1
Tokki,1
Whipper,1
Tokky,1
Whistler,1
Tokosh,1
Whozee,1
Tokyo,1
Teddy Manu,1
Tola,1
Wilga,1
Toll Doll,1
Willoe,1
Tiana,1
Wilton,1
Tom Hanks,1
Winksy,1
Tom Harley,1
Talon,1
Tom Malinki,1
Wizzard,1
Tiarni,1
Tehya,1
Tom Turbo,1
Woodgy,1
Tibbie,1
Woofie,1
Tomi,1
Wooly,1
Tommi,1
Wully,1
Sydney Chamberlain,1
Xabi,1
Tibby Jnr,1
Xennophillia Destiny,1
Tommy Harley,1
Xiva,1
Tomnis,1
Yang,1
Tomothy Wombel,1
Yeppa,1
Tiberius,1
Yodi,1
Toni,1
Yorta Yorta,1
Toni M,1
Yowa,1
Tonic,1
Yumi,1
Tonik,1
Taffaya,1
Tonika,1
Zaida,1
Tahlulla  Belle,1
Zakuvski,1
Tanjobi,1
Thornton,1
Tonta Darling,1
Tini,1
Tonto,1
Tarrie,1
Tahmeka,1
T.J,1
Tiberous,1
Zeifa,1
Toohie,1
Tinker (Maggie),1
Took,1
Zeplen,1
Tookie,1
Tapatchi,1
Tool,1
Ziggy Marley,1
Toorah,1
Zinzi,1
Tica,1
Ziya,1
Tashy,1
Texta,1
Toots/Silver,1
Zootah,1
Tical,1
Tarah,1
Tooty,1
Walley,1
Tasia,1
Wally (Waldo),1
Topetite,1
Tajh,1
Toph,1
Tijah Pure Rapture,1
Toppa,1
Watsie,1
Toppy Cat,1
Waz,1
Tops Cat,1
Weller,1
T Bone,1
Tikaani,1
Tassy,1
West,1
Tat,1
Wheezy,1
Toro,1
Teddy Bailey,1
Torra,1
Whispa,1
Tick,1
Tike,1
Torrie,1
Whoppa,1
Torti,1
Wicklow,1
Tata,1
Wikki,1
Tate,1
Wilbour,1
Tosca Hulme,1
Wildred,1
Tosha,1
Tedo,1
Tickera,1
Teegan,1
Tossa,1
Teemo,1
Tossy,1
Wilochra Blue Wandjini,1
Tahnee,1
Targe,1
Tati,1
Winki,1
Toujo,1
Teesha,1
Toula,1
Thomson,1
Tarjh,1
Winza,1
Toutatis,1
TEGAN,1
Toutuf,1
Wobbie,1
Trae,1
Wol,1
Traka,1
Wolverine,1
Trakka,1
Wonky,1
Tralie,1
Woodstock,1
Tramp,1
Woofa,1
Trance,1
Wookey,1
Ticky,1
Woolfie,1
Trash,1
Woopy,1
Tatts,1
Wow,1
Treacle,1
Tilton,1
Tictch,1
Wynston,1
Treeko,1
Tenshi,1
Trellis,1
Tensing,1
Trent,1
Xeus,1
Treu,1
Xion,1
Trev,1
Xray Rex,1
TAHNI,1
Yahni,1
Trevor James,1
Yar-Yar,1
Trevvy,1
Yazzi,1
Tabs,1
Yin,1
Tria,1
Yo-Yo,1
Tricksey,1
Yogi Bear,1
Trifle,1
Tepish,1
Tatty,1
Yoshi Moro,1
Tau,1
Youi,1
Tav,1
Yoyo,1
Tidus Emery,1
Yukos,1
Tripod,1
Zaba,1
Tripper,1
Zacha,1
Tierra,1
Zady,1
Trisha,1
Zahnia,1
Trixey,1
Zaidi,1
Tiesha,1
ZAKI,1
Trixi Belle,1
Zambezi,1
Tahya,1
Thorgrim,1
Tifa,1
Zany,1
Tiff,1
Tinee,1
Trojan,1
Tinia,1
Symba,1
Zatanng,1
Tropaz,1
Zazzy,1
TROUBLE,1
Thorpey,1
Troubles,1
Zeebs,1
Trounce,1
Tarry,1
Taby,1
Zeilda,1
Tru,1
Zelen,1
Truan,1
Zenna,1
Truck,1
Zepha,1
Tiffiny,1
Tetsu,1
Trudie,1
Zeta,1
Tay,1
Zhara,1
Tig,1
Tinsletown Scarlett,1
Truffle (Duck),1
Tintagel Kaye,1
Tig Pig,1
Zindy,1
Tarkin,1
Tiny Tilley,1
Trumby,1
Texas(Walker),1
Trumpy,1
Zizou,1
Trushka,1
Tanbo,1
Tsar,1
Zolo,1
Tsitsi-Bun,1
Zoom,1
TSUBI,1
Zorba,1
Ttoo,1
Teyla,1
Tu Bob,1
Tip,1
Tigah,1
Teaw,1
Taala,1
Tigu,1
Tubby Farquar,1
Taja,1
Tuby,1
Wally-Oska,1
Tuck,1
Walt,1
Syam,1
Tanook,1
Tuddy,1
Warnie,1
Tudi,1
Warrick,1
Tanni,1
Washie,1
Tac,1
Tik Tok,1
Tiger George,1
Wayne,1
TULA,1
Wealthy,1
Tiger Kitty,1
Weeny,1
Tulip Pretty,1
T-P,1
Tulli,1
Wembley,1
Tullie,1
Wendell,1
Tullip,1
Teddy (Bear),1
Tai,1
Westie,1
Tully Grace,1
What,1
Tumble Weed,1
Whip,1
Tumbles,1
Whiska,1
Tundra,1
Teddy Bear,1
Tup,1
Takeelah,1
Tupac,1
Whisper,1
Tupai,1
White Sox,1
Tupp,1
Whitie,1
Taiah,1
Whoopy,1
Theodore (Teddy),1
Whopper,1
Tiger Romeo,1
Tarlie,1
Turbo Boost,1
Tikiti-Boo,1
Turbs,1
Wiggy,1
Turk,1
Tikka,1
Therdore,1
Wilbert,1
Tuscan,1
Taki,1
Tushie,1
Wilco,1
Tuso,1
Tedford Green,1
tuson,1
Wili,1
Tut Tut,1
Tikki,1
Tutte,1
William Thomas,1
Tigerlilly,1
Thomasina,1
Taylor-Taylor,1
Teela,1
Tuxin,1
Willson,1
T-Bar,1
Tilba,1
Twilah,1
Tallie,1
Tigerlily,1
Tilda,1
Tazar,1
Tili,1
Twinkles,1
Tilki,1
Twinksey,1
Tillee,1
Twist,1
Teenie,1
Twister,1
Teffa,1
Zy,1
Taddy,1
Zymba,1
Winston Rupert,1
Tandia,1
Wintfred Jones,1
Two-Tone,1
Wispa,1
Twoza,1
Wiz,1
Tailem,1
Wizza,1
Tyaana,1
Wlly,1
Tyba,1
Woio,1
Tazi,1
Woki,1
Tyen,1
Tego,1
Tyenah,1
Teka,1
TYGA,1
Womba,1
Tiges,1
Tempe,1
Tykki,1
woodgee,1
Tylee,1
Woodie,1
Tannyn,1
Woodsy,1
Tyler Rose,1
Tencious,1
Tyne,1
Woofgang,1
Tynka,1
TAEZA,1
Tigey,1
Wooki,1
Tyrah Trilogy,1
Wooky,1
Tazzie,1
Wooliwuska,1
Tails,1
Woopie,1
Sylon,1
Woos,1
U'IBE,1
Wosky Dude,1
Uboo,1
Wu Tang,1
Uke,1
Wuppy,1
Uki,1
Wylie,1
Umbra,1
Wynnie,1
Uncle Joe,1
Wynter,1
Uncle Toby,1
Xanda,1
Undertaker,1
Xanthe,1
Union,1
Xara,1
Unix,1
Teo,1
Tazzy,1
Xerxes,1
Tarla,1
Xiao Bao,1
Urban,1
Xiao Xiong (baby),1
Tchai,1
Xita,1
Ushki,1
XPO,1
Ushma,1
Xyla,1
Utah,1
Yaga,1
Vada,1
Yandi,1
Tchaika,1
Yao Yao,1
Vahini,1
Yarney,1
Vaida,1
Tepi,1
Valee,1
Yelka,1
Valen,1
Yikka,1
Tchetska,1
Yindi,1
Valladan Ivy Flower,1
Taff,1
Valo,1
Tamar,1
Van,1
Tamara,1
Tad,1
Yogie,1
Vanta,1
Yoki,1
Vasques,1
Yoko Ono,1
Vaughan,1
Tamas,1
Thirteen,1
Yoshy,1
Tiggr,1
Yothu,1
Veera Wang,1
Youkno,1
Taiya,1
Taniesha,1
Vegemite,1
Yoyo Ma,1
Vegimite,1
Yukiko,1
Velcro,1
Yum Yum,1
te'a,1
Timmie,1
Venetia,1
Tamie,1
Vengeance,1
Tamika,1
Zukie,1
Timmony,1
The Chad,1
Zackery,1
ZUMBA,1
Zahar,1
Zuzu,1
Timmy Tom,1
The Weasel,1
Tansy,1
Tiggsy,1
Zaidahlee,1
Versace,1
Zaipod,1
Vesi,1
Tammi,1
Vespa,1
Zakk,1
Vespar,1
Timo,1
Vesper,1
Timone,1
Vespurr,1
"Timothy ""Tim Tam""",1
Vexy,1
Terrance,1
Veyron,1
Taffi,1
Viassa,1
Zanzibar,1
Vibe,1
Tanzee,1
Vic,1
Tiney,1
Vicka,1
Zarley,1
Tarlar,1
Zarrah,1
Vicky,1
Zarzu,1
Tigha Lilly,1
Zave,1
Victoria,1
Taffie,1
Victoria (Pandora),1
T.C.,1
VIDA,1
Zebbity,1
Viki,1
Zebra,1
Viktor,1
Zedd,1
Villi,1
Zeedo,1
Vin,1
Zeeke,1
Tighe,1
Zeffer,1
Teak,1
Zeik,1
Vinni,1
Tamzyn,1
Teaka,1
Tessee,1
Vinny,1
Zelli,1
Viola,1
Tan,1
Sylvestor,1
Zens,1
Violet (Nikky),1
Tarsh,1
violetflower,1
Tetris,1
Tigi,1
Zepp,1
Virgil,1
Zeppo,1
Virginia,1
Tinks,1
Tigie,1
Zeth,1
Viv,1
Tarsha,1
Vivian,1
Tinsel,1
Vivien,1
Ziek,1
Vivienne,1
Tana Umaga,1
Vizteeni,1
Zike,1
Vizviz,1
Zimba,1
Vladimir,1
Zinc,1
Vogue,1
Zingara,1
Von'Labak Rose Madison,1
Zip,1
Vonlabak Ima Candyman,1
Texan,1
Voo,1
Tinye,1
Voodoo,1
Zivah,1
Vortex,1
Zizi,1
Vossie,1
Zmai,1
Vuco,1
Tanami,1
Wacka,1
Zohryn,1
Wade,1
Zolie,1
Wadi,1
Zoltan,1
Waffle,1
Zookie,1
Teaky,1
Zoopa,1
Wag,1
Zootsie,1
Tigress,1
Zoren,1
Teal,1
Tander,1
Tealeaf,1
Zsa Zsa Gabor,1
Wagz,1
The Big J,1
Tigrish,1
Waldo,1
Venice,1
Zuma,1
Venna,1
The Colonel,1
Venom,1
Zwieback,1
Teah,1
Verdi,1
Zyx,1
Two Sox,1
Tane,1
Two Up,1
Rota,1
Snoop Dog,1
Strapper,1
Rusher,1
Sonya,1
Scoty,1
Scallet,1
Scouser,1
Sussie,1
Rushki    (a.ka. Ru),1
Socket,1
Scraggs 2,1
Sargent Murphy,1
Scrapie,1
Sault,1
Rouge,1
Scat,1
Scrappy Doo,1
Sue Yen,1
Scrat,1
Snidge,1
Roughnut,1
Snowette,1
Scratcher,1
Rosko,1
Scratchie,1
Ruffus,1
Rusl,1
Rossy,1
Screwball,1
Spooks,1
SCRIBBLES,1
Savvy B,1
Scruf,1
Rumo,1
Ruslan,1
Schlumpfie,1
Scruffi,1
Stuart Little,1
Scruffie,1
Runtal,1
Rourke,1
Sweet,1
Scud,1
Snippy,1
Scuffy,1
Sandal,1
Roux,1
Snug,1
Scuppers,1
Sofhie,1
Sea Urchin,1
Rooey,1
Rooki,1
Sooshi,1
Sealy,1
Sorte,1
Russell Rodgers Ansett,1
Spanky,1
Russia,1
Sashkia,1
Seattle,1
Spitfire,1
Russo,1
Spotti,1
Seba,1
Spunky Trunks,1
Sebasiton,1
Rumer,1
Russy,1
Starlette,1
Rusti,1
Stellah,1
Sebbi,1
Schatzi,1
Rona,1
Stoner,1
Rusty Blue,1
Stripes,1
See You Later (Kane),1
Styx,1
Seeker,1
Scissy,1
Seeley,1
Rupert fluffington,1
Seffi,1
Suzie Belle,1
Seggy,1
Sweety-Honey (Sophie),1
Sehwag,1
Snim,1
Seige,1
Snooks,1
Seigfried,1
Snoozer,1
Selby,1
Rudii,1
Selena,1
Rosie Jean,1
Selene,1
Sobby,1
Rusty Friedrich,1
Socky,1
Ruth,1
Soggy,1
Selwood,1
Saphyr,1
Semma,1
Sapphyre,1
Sen,1
Ruffin,1
Senghi,1
Sooty 2,1
Senka,1
Sophie Lee,1
Sepik Ralf,1
Sou Chui,1
Seppe,1
Roofer,1
Sera / Sarah,1
Sparke,1
Serena,1
Spartacus,1
Serendip,1
Speckles,1
Serendipity,1
Ruiben,1
Serenity,1
Splinter,1
Ruthy,1
Rukka,1
Sergeant,1
Spray,1
Seriozah,1
Spud Boy,1
Sesame Azur Blue,1
Squeaker,1
Rwalf,1
Squincy,1
Seti,1
Stack Hat,1
Seto,1
Rummer,1
Ryback,1
Starsky,1
Shaboo,1
Rumour,1
Shad,1
Stephano,1
Shaddow,1
Sceeter,1
Rowdey,1
Stimpy,1
Shado,1
Schmichael,1
Rye,1
Storibook,1
SHADOW III,1
Streghoi,1
Shadowfax,1
Strudel,1
Shadowmere,1
Stuey,1
Shadrach,1
Sucrae,1
Ryleigh,1
Sugare,1
Rowdie,1
Sulley,1
Shaena,1
Sundae,1
Ryu,1
Susan,1
Ryuk,1
Suzanne,1
Shai,1
Ruppert,1
Shaizy,1
Sweetheart,1
Shak,1
Swoop,1
Shaka,1
Ruddy,1
Shake,1
Sniper,1
SA Diablo,1
Snooki,1
Shakti,1
Sanchi,1
Shally,1
Sanda,1
Shalom,1
Snorky,1
Shambhla,1
Snow Dew Drop,1
Shami,1
Snowdrop,1
Shammah,1
Sandii,1
Saabi,1
Snuffleupagus,1
Saachi,1
Rosina,1
Saarse,1
Sochi,1
Shanda,1
Socksey,1
Shandy,1
Sapella,1
Shanee,1
Saphi,1
Saasha,1
Soho,1
Ronaldo,1
Solo,1
Shankley,1
Somerset,1
Sabaka,1
Sonic Settler,1
Sabastian,1
Sonny Miller,1
SHANTI ROSE,1
Ruffigan (Ruffy),1
Shapes,1
Sooner,1
Rowey,1
Rossco,1
Rowie Yates,1
Soozy,1
Sharby,1
Sargent Bruce,1
Sharda,1
Soq,1
Shardee,1
Sosuke,1
Shardi,1
Soulja,1
Shardie,1
Sargent Tibbs,1
shardy,1
Sari Moon,1
Sabina,1
Spanx,1
Shark,1
Rossie,1
Shark Bait,1
Rosy Tickle,1
Sharkdy,1
Sparthakus,1
Sharky,1
Spec,1
Sharla,1
Speedy,1
Sharli,1
Ruggles,1
Sharlie,1
SPINNA,1
Sharlotte,1
Rukia,1
Sharma,1
Spoiler,1
Rowl,1
Sporry,1
Sharndy,1
Spotsy,1
SHARNEE,1
Spottyguts,1
Rowley,1
Saul,1
Rooster,1
Sprout,1
Sharon,1
Spuggles,1
Sharpay,1
Squares,1
Sharti,1
Squeek,1
Shartzi,1
Sax,1
Shasta,1
Squirrel,1
Shatze,1
Squizzy,1
Shauza,1
Stalin,1
Shawnie,1
Stanzi,1
Shawty,1
Starbuck TNUC,1
Sabu,1
Starr,1
Shayde,1
Staughton Danny,1
Shayel,1
Stef,1
Sacchi,1
Stell,1
Roxann,1
Scarlot,1
Shazza,1
Sterling,1
Sheaba,1
Steven Sanchez,1
Rorey,1
Stevo,1
Roxette,1
Stifler,1
Sheebba,1
Schizi,1
Sheeda,1
Schmack,1
Sachsure,1
Stompa,1
Sad Sack,1
Stonez,1
Sheera,1
Storm Jag,1
Sheeva,1
Strawberry Cola,1
Saddle Cat,1
Strike,1
Sheil,1
Stripey Boy,1
Sadi,1
Stryper,1
Shelb,1
Schnook,1
Rondah,1
Stupid,1
Sady,1
Subo,1
Saeba,1
Suds,1
Saedee,1
SUETLOOI,1
Shelley 2,1
Sui,1
Shelley-Rose,1
Sukkhyi,1
Saeka,1
Scofield,1
Safaria,1
Summer Rain,1
Shen Dako,1
RUPERT BUDDA BOB,1
Shenanigans,1
Suri,1
"Sheoak Eri Silk ""Silky""",1
Scoola,1
Sheoh,1
Sutto,1
Sheora,1
Suzi Quatro,1
Saffi,1
Suzzi,1
Sherbert,1
Scope,1
Rommie,1
Sweet Patuti,1
Sheri,1
Sweetpea,1
Sheridan,1
Swiper,1
Ronga,1
Snicky,1
Saffon,1
Sniff,1
Sherpa,1
Snig,1
Sheyan,1
Snip,1
Sheyna,1
Snippet,1
SHIANN,1
Snitz,1
Shiela,1
Samur,1
Shifti,1
Rooby,1
Roxii,1
Sancho,1
Rosa Parks,1
Snoopa,1
Shikon,1
Snooze,1
Shilja,1
Snoozy,1
Shilling,1
Snorter,1
Safin Arctic,1
SANDER,1
Shiloe,1
Sanderson,1
Rosalina,1
Snowbelle,1
Shiltz,1
Snowee,1
Shimma,1
Rudolpj,1
Shimmah,1
Snowie,1
Roxy Girl,1
Sanga,1
Shimmy,1
Sant' Angelo Di Roma,1
Shimza,1
Snugglepuss,1
Shina,1
Soames,1
Shinade,1
Soc,1
Shiner,1
sock,1
Shinji,1
Santi,1
Sahail,1
Santos,1
Sahpa,1
Socrates,1
Shirley Barkley,1
Soffee,1
Ronin,1
Saphhire,1
Saib,1
Saphira,1
Shmiggy,1
Sohie,1
Shnubbly,1
Sol,1
Shnuby,1
Solly,1
Shocker,1
Soloman,1
Shona,1
Solzos,1
Shooma,1
Sonata,1
Shortie,1
Sappho,1
Saidie,1
Sonnet,1
Shredder,1
SONNY BILL,1
Shrek,1
Sony,1
Shrkan,1
Ruffie,1
Shtt,1
Sarah-Jane,1
Shu Shu,1
Sooky La La,1
Shuffles,1
Soonli,1
Shugas,1
Sooti,1
Shuko,1
Sargeant,1
Shy,1
Sooty1,1
Shya,1
Sophi,1
Shyam,1
Sophia Phyo,1
Saidy,1
Sophie Jane,1
Shyler,1
Sopie,1
Shylo,1
Sorlee,1
Shyn,1
Sos,1
Shyra,1
Sothie,1
Sia,1
Soul,1
Siam,1
Southern,1
Siana,1
Soxe,1
Rozi,1
Soxon,1
Sid Vicious,1
Soxsy,1
Saint,1
Soya,1
Sieca,1
Sarina,1
Sakari,1
Spark,1
Sakkara Isis,1
Sarj,1
Silje,1
Sas,1
Silke,1
Rompa,1
Silkie,1
Sparta,1
Silky Drawers,1
Spartan,1
Sillie,1
Sashin,1
Sako,1
Spazzi,1
Silver Starlight,1
Sasma,1
Silver Tom,1
Speedie,1
Rozie,1
Speks,1
Silvia,1
Sassafrass,1
Ru,1
Rugsy,1
Sim,1
Spiky,1
Sala,1
Satchel,1
Simbala,1
Spitty,1
Simber,1
Splat,1
Simi,1
Spock,1
Simmo,1
Satine,1
Simmy,1
Satne,1
Simo,1
Satsuma Sakura,1
Rua,1
Spotswood,1
Simone,1
Spott,1
Simpson,1
Sauce,1
Simsek,1
Spoty,1
Simsi,1
Springer,1
Sinatra,1
Spritzer,1
Sinbad,1
Sprockett,1
Sali,1
Sausages,1
Salina,1
Spuddy,1
Sing,1
Rum,1
Singe,1
Ruma,1
Sini,1
Saver,1
Sintra,1
Roudy,1
Sioux,1
Squeeky,1
Sir Charles Barkley,1
Squiffy,1
Sir Winston,1
Squik,1
Sire,1
Squire,1
Sirius Black,1
Saxan,1
siska,1
Squize,1
Sallie,1
Sayde,1
Rubee,1
Staff,1
Sita,1
Saylah,1
Siy,1
Rumi,1
Sizzle,1
Staple,1
Ska8ter,1
Star Dust,1
Skaife,1
Starchy,1
Skamp,1
Starlie,1
Sally Monday Tyrrell,1
Stars,1
Salmon,1
Stasia,1
Skeeter,1
Steamer,1
skeggsie,1
Scardy Cat,1
Sketch,1
Steff,1
Skibit,1
Steffy,1
Rubein,1
Rumpelteazer,1
Skiddle,1
Stellar,1
Skids,1
Scarpa,1
Skinny,1
Scarr Face,1
Roscoe,1
Sterlo,1
Skipp,1
Stevee,1
Skippa,1
Scats,1
Romper,1
Stevie Wonder Dog,1
Skippy,1
Schaka,1
Skitter,1
Stewy,1
Salvador,1
Schel,1
Salvester,1
Sting,1
Rubie,1
Stirling,1
Skoda,1
Stix,1
Skooba,1
stoksey,1
Sam (Scruffy),1
Stollie,1
Rose Bud,1
Stone,1
Samba,1
Stoney,1
Skyes,1
Stooge,1
Skyla,1
Schmoo,1
Samba Pepper,1
Schmooghy,1
Skylar,1
Strawberry,1
Rommy,1
Stray Cat,1
Slash,1
Schnapps,1
Slayer,1
Striker,1
Sledge  - Dog,1
Schnarbles,1
Sleek,1
Stroppy,1
Slickie,1
Rumple,1
Sambuca,1
Schnitzy,1
Slim / Puss,1
Stubbie,1
Slinkie,1
Schnooke,1
Samby,1
Schnurrly,1
Slinky Malinky,1
Stussy,1
Samee,1
Subi,1
Slugger,1
Suchin,1
Small Block,1
Schooner,1
Roselea,1
Schubert,1
Smarti,1
Sueda Rose,1
Smarties,1
Schuey,1
Smash,1
Suggs,1
Ruby Jean,1
Sukey,1
Ruby Mae,1
Sukie,1
Smeegai,1
Sula,1
Smenni,1
Rumples,1
Smidge,1
Scoob,1
Smidget,1
Runty,1
Smiget,1
Rougar,1
Smiggles,1
SUNNIE,1
Smiley,1
Sunny Gym,1
Sammi-Lou,1
Suny,1
Smitty,1
Suriarna,1
Smoke,1
Scooch,1
Ruby May,1
Susie Q,1
Smokey Grey,1
Sutee,1
Smokey Joe,1
SUUKYI,1
Romo,1
Scoom,1
Sampi,1
Scoot,1
Rosi,1
RUPET,1
Smoogi,1
SUZZIE,1
Samshin,1
Swanny,1
Smudge Clarissa,1
Rus,1
Ruby/Lulu,1
Sweet Georgia Brown,1
Snaggle Pus,1
Rush,1
Snagglepuss,1
Scotter,1
Samson Jack,1
Sweety,1
Samson Vladimir,1
Swenson,1
Snausages,1
Switzy,1
Sneaky,1
Rusha,1
Samual,1
Nataisha,1
Putsy,1
Pazzo,1
Nikeeta,1
Raine,1
Pee Cee,1
Nephthys,1
Niketa,1
Pup92,1
Peekay,1
Rabb,1
Peepers,1
Ranee,1
Peepow,1
Reeba,1
Peg,1
Rider,1
Peggie,1
Roi,1
Nazeem,1
Puss 3,1
Peggy Pearl,1
Nulah,1
Nazy,1
Pasqual,1
Peggyboots,1
Ralph 2,1
Pegotty,1
Nelson Kelly Brennan,1
Oscar spot,1
Reaghan,1
Nikkei,1
Paul Holmes,1
Peku,1
Rhombus,1
Necro,1
Rimi,1
Pelle,1
Orpho,1
Oscar/Max,1
Pebles,1
Niko,1
Purr Pot,1
Penelope Jane,1
Parko,1
Pennie,1
Pysix,1
Nila,1
Nulla,1
Penny Lane,1
Rafael,1
Pennylane,1
Ragnar,1
Peopper,1
O.J.,1
Pep,1
Nevans,1
Pep Pep,1
Raph,1
Narnies,1
Orgi,1
Pepah,1
Razi,1
Oscar2,1
Reco,1
Pepe Le Peu,1
Reggy,1
NIMAWAY,1
Paulie,1
Pepie,1
Pause,1
PEPINOT,1
RICHO MAN,1
Pepito,1
Pawssy,1
NIMM,1
Ripple,1
Oscarmooball,1
Robo,1
Peppei,1
Orson,1
Peppen,1
Rokka,1
NIMROD,1
Optimus,1
Pepper II,1
Purdi,1
Pepper Sarah,1
Nuffie,1
Nimue,1
Nuka,1
Neddie,1
Nuke,1
Peppie (aka Pep),1
Putzie,1
Pepples,1
Quami,1
Peppr,1
Quik,1
Oscor,1
Quis,1
Ninety Nine,1
Numbat,1
percey,1
Raffey,1
Percious,1
Raggsie,1
Percival,1
Rahti,1
Ning,1
Nzmo,1
Perdita George,1
O'B,1
Peregrine,1
Oahu,1
Omar,1
Patamoke,1
Pericles,1
Rangi,1
Pericles (Perri),1
Raphi,1
Peril,1
Rassy,1
Perkins,1
Ratso,1
Perle,1
Rayne,1
Perno,1
Razza,1
Perra,1
Ocelot Blossom,1
Perri,1
Redford,1
Perriwinkle,1
Niffer,1
Ning Ning,1
Paul Anko,1
Neyo,1
Remma,1
PERSIA,1
Repka,1
Persian,1
Revolution Zak,1
Perzhek,1
Pavaroti,1
Pesto,1
RIBBON,1
Nia,1
Rickie,1
Neddy,1
Nevi,1
Petals,1
Rileu,1
Ninjar,1
Ole,1
Ninji,1
Ritz,1
Osker,1
Oliva,1
Petie,1
Rochelle,1
Petra,1
Peaches Poppy,1
Petra Lou,1
Ollie Bobo,1
Petrol,1
Ollie/Yogi,1
Pewter,1
Nevins,1
Peyto,1
Paprika,1
Peyton,1
Nubia,1
Phalen,1
Puppet,1
Oskkar,1
Nubs,1
Pharaoh,1
Natilda,1
Pharooh,1
Narvi,1
Oslo,1
Puss Catt,1
Phebes,1
Puss-Puss,1
Phenix,1
Pusskins,1
Ninnie,1
Paroo,1
Omo,1
Puttin on the Glitz,1
Oswald,1
Parridge,1
Philip J Fry,1
Q,1
Phillie,1
Parsley,1
Niamh,1
Quennie,1
Phillis,1
Quincey,1
Ottis,1
Quiney,1
Phineas,1
Ra,1
Nibbla,1
Rabbit/Princess,1
Phoebie,1
Radley,1
Nedwin,1
RAFFA,1
"Phoenix ""Molly""",1
Nelle,1
PHONEIX,1
Rage,1
Phoopa,1
Ragheera,1
Phridge,1
Rahjai,1
Phryne,1
Rain,1
Phrynie,1
Raishi,1
Phyc,1
O J Bro,1
Phyllie,1
Rajh,1
Pi,1
Rally,1
Otus,1
Ralphi,1
Picabo,1
Oakee,1
Picarso,1
Pat-Erick,1
Picasso,1
Randle-El,1
Piccalilly,1
Nashi,1
Otway,1
Oaklie,1
Pici,1
Raphael,1
Neeka,1
Rarna,1
Nish,1
Rasmus,1
Nisha,1
Nickie,1
Otway Mist Ice Dancer,1
Nicko,1
One Eye,1
Raul,1
Pigsy,1
Raydar,1
Pika,1
Patchie,1
Piki,1
Raztan,1
Pilchard,1
Razzi,1
Pilot,1
Reapa,1
Pimms,1
Ochre,1
Pina,1
Red Foo,1
Pinchy,1
Redman,1
Onix,1
Oddball,1
Owie,1
Reggi,1
Pinkie,1
Regina,1
Ox,1
Reh,1
Pinnochio,1
Oden,1
Pino,1
Paula,1
OXFORD,1
Renee,1
Pinot Gris,1
Repunzle,1
Pinta,1
Reuby,1
Pinto,1
Rex2,1
Nateisha,1
Rhaegar,1
Pip-Quiztos,1
Pavarotti,1
Nixie,1
Rhuban,1
Ozcar,1
Ogi,1
Ozma,1
Rick,1
Pipkin,1
Ricky Bobby,1
Pipo,1
Riewoldt,1
Ozwald (Oz),1
Rigel,1
No name provided,1
Orla,1
Nefertary,1
Rill,1
Ozzi,1
Rindy,1
Narva,1
Olga,1
Noel,1
Rita,1
Noir,1
Riv'a,1
Pippy Zooloo,1
Road,1
Pippz,1
Nera,1
Pipsi,1
Oliver Digby,1
Pipsqueak,1
Olives,1
Pipsqueaky,1
Olivier (Livvy),1
Piranda,1
Peaile,1
Noki,1
Narni,1
Pirate Sam,1
Ollie Van Neutegem,1
Pisces,1
Roj,1
Pistachio,1
Roka,1
Piston,1
Night,1
Pitch,1
Newnya,1
Nokle,1
Punki,1
Nola,1
Punky,1
Nollsie,1
Punttey,1
Pixie Rose,1
Pup 1,1
Pixle,1
Pupo,1
Piz,1
Paris-Gypsy,1
Piza,1
Purdie,1
Pizza,1
Purr,1
Nomad,1
Purrkins,1
PK,1
Parkie,1
Plaido,1
Nuffy,1
Plato,1
Puss (Jinx),1
Platty,1
Narmi,1
Pluga,1
Nui,1
Narnia,1
Puss Willow,1
Pluisje,1
Puss/Sahara,1
Oobie,1
Pussinska,1
Po,1
Pusso,1
POCKET,1
Pussy Cat,1
Pockets,1
Pusyleigh Jane,1
Pocky,1
Putta,1
Pocohantis,1
Putu,1
Pocohontas,1
Puzza,1
Podge,1
Parslee,1
P.J.,1
Pytis,1
P.O.M.,1
Quake,1
Podsiadly,1
Quasar,1
Poe,1
Quee,1
Pogey,1
Queeny,1
Pogi,1
Quiet,1
P.T.,1
Quill,1
Poh,1
QUINCT,1
Pointer,1
Quincy Jones,1
Poka,1
Nullah,1
Poke,1
Pascha,1
Nibblet,1
Raasta Boy,1
Poki,1
Orca,1
Pokie,1
Rabia,1
Nombre,1
NUNOOK,1
POLLEY,1
Nutella,1
Pollie,1
Oregan,1
Noni,1
Nutsy,1
Polly Waffle,1
Raffie,1
Pache,1
Nymis,1
Pacho,1
Ragamuffin,1
Poly Pole,1
Ragen,1
Polynoko,1
Raggsy,1
Noo Noo,1
Ragie,1
POMMIE,1
Nymph,1
Padamea,1
Nyssa,1
Paddey,1
Raiden,1
Ponchski,1
Pasqualey,1
Nic Nat,1
Raini,1
Padee,1
Raisin,1
Nefi,1
Raj Raj,1
Padi,1
Raja 2,1
Poodge,1
Rajay Razor,1
Poogie,1
Raji,1
PADMA,1
Ralfie,1
Pafet,1
O'Doyle,1
Pooky,1
Ralphe,1
Poosey,1
Passion,1
Pop,1
Pastie,1
Negg,1
Ramiel,1
Pope,1
Ramsay,1
OM TAM,1
Rana,1
Popi,1
Randl,1
Paikea,1
Oakey,1
Poppett,1
Raney,1
Noopy,1
Oakleigh,1
PAINTER,1
Nashville,1
Poppii,1
Ranni,1
Norah,1
Rapha,1
Poppy White,1
RAPHAELLE,1
Popsy,1
Raphie,1
Porcha,1
NASSA,1
Paisha,1
Rascals,1
Porgy,1
Rasputin,1
Op,1
Nemesis,1
Paitas,1
Rastis,1
Porsche,1
Rat,1
Norbet,1
Ratman,1
Pajoga,1
Ratti,1
Porthos,1
Oby,1
PALI,1
Raya,1
Posh,1
Raymond,1
Palley,1
Rayner,1
Possom,1
Raz # R75,1
Norbit Francis,1
Naughty Cat,1
Potato,1
Ocean Blue,1
Potsi,1
Razzberry,1
Power,1
Reagan,1
Norby,1
Reanna,1
Paly,1
Patrian Sea Cruise,1
Norka,1
Nicola,1
Pamby,1
Rebel T,1
Rollo Dahl,1
Ocilette,1
Pancake,1
Reddas,1
Roly-Poly,1
Redknobber,1
Nessle,1
Odd Ball,1
Olsen,1
Patrick Bones,1
OPERA,1
Refa,1
Olympus,1
Oddy,1
Nicesty,1
Patterson,1
Prima Donna,1
Oria,1
Primadonna,1
Regina (Reggie),1
Pandemonium,1
Reginald Ansett,1
Neiko,1
Reign,1
Prince Louis Pierre,1
Rembrandt,1
Prince Stumpy,1
Remington,1
Prince Tiger,1
Remmi,1
Normie,1
Remo,1
Princess Ally Rose,1
Odey,1
Princess Alma,1
Natalya,1
Princess Bella,1
Reptar,1
Princess Bubblegum,1
Retardo,1
Princess Bubbles,1
Reuben Riffel,1
Princess Daisy,1
Reva,1
Princess Kate,1
Pauline,1
Princess Kitty,1
Odin (Robbie),1
Princess Leah,1
Ody,1
Princess Lily,1
Ofelia,1
Princess molly,1
Rhett,1
Princess Myrtle,1
Rholey,1
Princess Tilly,1
Rhonda,1
Princess Tipsy,1
Pavlo,1
Princeton,1
Richard,1
Pringle,1
Ogie,1
Prinny,1
Paw Prints,1
Priscella,1
Ricki,1
Norris,1
Oharnna,1
Prissy,1
Rico,1
Prizzi,1
Ohmar,1
Norton,1
Oi,1
Pando,1
Oiocki,1
Psyche,1
Riggs,1
Psycho,1
Rikishi,1
Ptolomeo,1
Rikku,1
Ptys,1
OJ,1
Puchi,1
Rily,1
Puck,1
Paxton,1
Pucko,1
Okley,1
Nory,1
Rip,1
Pud Pud,1
Ripper,1
Pudd,1
Risa,1
Ophelia,1
Paynta,1
Pudda (aka Costa),1
Ritzy,1
Puddin,1
riva,1
Panic,1
Pdor,1
Puddle Jumper,1
Roarke,1
Nostro,1
Robby,1
Not Cat,1
Nerissa,1
Puddy Puddy,1
Rocca,1
Puddy Tat,1
Roce,1
Puddy-Little,1
Oliver paddington,1
Pudels,1
Natella,1
Puff,1
Olivier,1
Nev,1
Rocks,1
Puggle,1
Rocky Road,1
Puggles,1
Niggs,1
Puggsly,1
Rodjer,1
Pugly,1
Rogan,1
Noushie,1
Rogey,1
Panzer,1
Rohan,1
Papper,1
Roie,1
Pugz,1
Rojam,1
Puku,1
Rok,1
NEIRO,1
Roki,1
Pumbah,1
Roko,1
Pappy,1
Osbert,1
Pumpanickel,1
Rolfi,1
Nu Nu,1
Rollies,1
Punch,1
Oscar 2,1
Pung,1
Presta,1
Olly Wishart,1
Norma,1
Roma,1
Norma Jean,1
Romell,1
Pricess,1
Romio,1
Norma Jeane,1
Rommi,1
Prickle,1
PRICKLES,1
Moseley,1
Mletchek,1
Mummanin,1
Meercat,1
Matilda Bellle,1
Meescha,1
Mr Knightley,1
Meesha,1
Me Me,1
Mefy,1
Molik,1
Macker,1
Mooshka,1
Megabyte,1
Mozart James,1
Megan,1
Mrs Thomas,1
Megatron,1
Mustang,1
Lulubell,1
Malamimi,1
Meggie,1
Maslow,1
Meggie-May,1
Monash,1
Maliboo,1
Moody,1
Meggs 2,1
Maisee,1
Meggsey,1
Motzart,1
Lyndi,1
Mr Boy,1
Meggsy,1
Mr Spock,1
Meggy,1
MACHO,1
Meghan,1
Muriel,1
Megi,1
McGregor,1
Malice,1
Malakai,1
Malinki,1
Mixy,1
Malkavich,1
Mocasin,1
Megz,1
MOGLI,1
Megz/Honey,1
Molly Big Dog,1
Mei,1
Monjoie Serena,1
Mei Mei,1
Montmorency,1
Malky,1
Moonie,1
Meikah,1
Mordercai,1
Luna D'Argenta,1
Mortey,1
Malli,1
Lumpy,1
Mally,1
Max Murphy,1
Meiya,1
Mr Bean (Beanie),1
maloo,1
Mr Doobee,1
Malty,1
Mr Pippies,1
MAMA,1
Mr Wilson,1
Mel Molloy-Lee,1
Mudda,1
Melaina,1
Mully,1
Maclan,1
Mundine,1
Melissa,1
Muscles,1
Melita,1
Mazzy,1
Melli,1
Myha,1
Mello Bear,1
Mysti,1
Melly,1
Naku,1
Melo,1
Mitzo,1
Mana,1
Mizuki,1
Melsha,1
Mobee,1
Melvin,1
Moccy,1
Meme,1
Mogga,1
MEMO,1
MOJITO,1
Manbo,1
Mahem,1
Memphys,1
Molly-Francesca,1
Mena,1
Mong,1
Mendi,1
Monnie,1
Mendoza,1
Montee,1
Menew,1
Monty Sparkle,1
Mentos,1
Maia Mignon,1
Menzie,1
Maille,1
Menzies,1
Mau,1
Meongi,1
Mairead,1
Maclarey,1
Morrison,1
Mandella,1
Mosby,1
Meowgy,1
Mavericks,1
Meowski,1
Mother Cat,1
Meowsy (Ella),1
Mouckie,1
Meowy,1
Maizee,1
MERC,1
Mr,1
Mandie,1
Mr Biggs,1
Mercy,1
Mr Clooney,1
Merindalee Man on a Missi,1
Mr Hank,1
Merindalee Mr Nice Guy,1
Mr Meowgi,1
Merkin,1
Mr Sax,1
Mandu,1
Mr Whippey,1
Merlin McDougall,1
Mrs Cat,1
Macon,1
Mucka,1
Merlyn,1
Majenta,1
Mermaid,1
Maker,1
Merri,1
Lusy,1
Merrie,1
Munchi,1
MacTavish,1
Munky,1
Lyra,1
Maza,1
Mervyn,1
Maze,1
Mesha,1
Mazie,1
Messa,1
McDonald,1
Messi,1
Myfanwey,1
Metric,1
MYKI,1
Mexi,1
Meagan,1
MG,1
Naala,1
Mi Mi,1
Naira,1
Macy Gray,1
Medusa,1
Mia - Gemma,1
Meena,1
Mia Harrop,1
Mixi,1
Miagi,1
Mizaki,1
Lyudmila,1
Mizzy,1
Mannee,1
MaryLoo,1
Micah,1
Mobie,1
Mice,1
Masie,1
Madason,1
Mocka,1
Michael,1
Mog,1
Michael Angelo,1
Moggie,1
Michca,1
Mogwi,1
Michelle,1
Moko,1
Maddan,1
Mat,1
Michie,1
Mateo,1
Michigan,1
Molly Moet,1
Mannix,1
Matey,1
Lzzy,1
Monet,1
Manson,1
Monica,1
Micki,1
Monkey Face,1
M,1
Matilda Adelaide,1
Mico,1
Montanna,1
MANUEL,1
Maceo,1
Middie,1
Mai Mai,1
Manuel (Manny),1
Moo Moo,1
Manuella,1
Mooka,1
Midgie,1
Moondance Kitiian Cat Bal,1
M-Jay,1
Moopsy,1
Midi,1
Mooshi,1
Mao Mao,1
Mootsy,1
Midnight (midi),1
Morcush,1
Midnight Sam,1
Moretto,1
Midnight Shadow,1
Moro,1
Midori,1
Lupe,1
Miecka,1
Morse,1
Mao Ze Car,1
Mortisha,1
Mieke,1
Maisha,1
Mieko,1
Macgregor,1
Miekou,1
Maiso,1
Miel,1
Mosuki,1
Mienna,1
Motley Blue,1
Mies,1
Mouchett,1
Miesha,1
Mousey,1
M.J.,1
Mach 1,1
Miette,1
Moz,1
Mietzi,1
Mozzi,1
Luna Dahl,1
Mr Barkly,1
Ma Kar,1
Mr Beethoven,1
Ma-Lu,1
Mr Boffey,1
Marc,1
Mr Capone,1
Mig,1
Mr Daisy,1
Mighty,1
Mr Fats,1
Mighty Meow,1
Mr Jenkins,1
Migi,1
Maximum,1
MIGNON,1
MR MUGGLES,1
Migo,1
Mr Rosser,1
Migus,1
Mr Smooch,1
Miika,1
Mr Taryn,1
Mij,1
Mr Wiggles,1
Maani,1
Mr. Whiskers,1
Mikaela,1
Mrs Pussy Cat,1
Marcela,1
Mrs Wendall,1
Mikesch,1
Mucky Chops,1
MARCELLE,1
Maximus Fluffius,1
Mikey Mite,1
Muffen,1
Mikhail,1
Lushka,1
Mikhi,1
Makita,1
Marcello,1
Mulu,1
Mikka,1
Mumma,1
Mikkey,1
Mumpy,1
Marchello,1
Munchies,1
Madlo,1
Mungoberry,1
Luna Skye Reilly,1
Maysee,1
Milah,1
Murph,1
Milai,1
Muscat,1
Milano,1
Musetta,1
Milburn,1
Musket,1
Milcah,1
Musthava,1
Milco,1
Mutter,1
Mildred,1
Mcdaff Jt Kirk - Mac,1
Mildrid,1
Muzza's Mia,1
Marcos,1
Myer,1
Maeby,1
Myffie,1
Miley (Milo),1
Mckenzie,1
Mili,1
Myles,1
Marcy,1
Myo,1
Milkshake,1
Myste,1
Mardie,1
Mystic Rose,1
Milky Joe,1
Nacala,1
Mardy,1
Nadia,1
Maeko,1
Meave,1
Millee,1
Malaki,1
Margain,1
Nanook,1
Maera,1
Malawi,1
Maestro,1
Marvi,1
Millicent,1
Magpie/Maggie,1
margo,1
Mixie,1
Millie Mae,1
Marvo,1
Napolian,1
Mizu,1
Narbi,1
Mizz,1
Lulu Starwars,1
Mahakala,1
Millsy,1
Mary Lou Lou,1
Margolo,1
Moama,1
Milly Molly Mandy,1
Mobey,1
Milly Rose,1
Mascot (Mac),1
Margot,1
Masi,1
Milo - Cat,1
Mocco,1
Milo (Puss),1
Masindi,1
Milo Jade,1
Modo,1
Milo*,1
Maso,1
Milos,1
Mogaden,1
Milou,1
Mogget,1
Milt,1
Mahalia-mia,1
Marguerita,1
Mogwai,1
Miluka,1
Mogz,1
Mim,1
Massive,1
Maria,1
Moky,1
Mimii,1
Molle,1
Mariee,1
Matar,1
Mimmie,1
MOLLOO,1
Mimo,1
Molly Anne,1
Mimsy,1
Molly Mae,1
Magdalena,1
Mahjong,1
Marika,1
Momma,1
Magee,1
Mahla,1
Marina,1
Mondo,1
Magenta,1
Money,1
Marius,1
Moni,1
Mingon,1
Monique,1
Minh,1
Matilda  (a.k.a - Tilley),1
Marjorie,1
Macee,1
Mini Mouse,1
Monroe,1
Minikin,1
Monster Freddy,1
Minimo,1
Montana (Monty),1
Minion,1
Matilda Jane (Tilley),1
Mink,1
Montegue,1
Marjory,1
Maton,1
Minke,1
Montreax,1
Minkee,1
Monty Albert,1
Minkey,1
Matso,1
Markim,1
Maia,1
Minkie,1
Mooi,1
Minko,1
Matt Damon,1
Marko,1
Moon,1
Minnesota 'Miz',1
Maicey,1
Marky,1
Maicey Reginald,1
Maggi Mae,1
Moortje,1
Minnie (Lacey),1
Moosh,1
Minnie Me,1
Mooshie,1
Minnow,1
Mooshy,1
Lunah,1
Moppi,1
Minti,1
Moq,1
Marlene,1
Mordekai,1
Mintie Bella,1
Mordy,1
Maggie Giles,1
Maud,1
Marley Bear,1
Morley,1
Maggie Mae,1
Morpheous,1
Minxi,1
Morri,1
Minxsy,1
Maunzi,1
Minya Jambi,1
Morrley,1
Mipsy,1
Mort,1
Mira,1
Morticia,1
Maggie Martin,1
Morty,1
Miri,1
Moscato,1
Miro,1
Moseby,1
Mirra,1
Maurie,1
Mirrabell,1
Moshi Moshi,1
Mirren,1
Mosko,1
Mirry,1
Moso,1
Mirya,1
MAISY DAISY,1
Mabo,1
Mosy,1
MAGGIE MOO,1
Max Abel,1
Marlon,1
Motsy,1
Mischief (Missy),1
Mouche,1
Maggie-May,1
Mouchie,1
Mischo,1
Max Artemis,1
Mischy,1
Mow Mow,1
Mish,1
Mowh,1
Maggot,1
Moxxie,1
Maggy,1
Maxibon,1
Mishcief,1
Maizin,1
Mishi,1
Mozzen Sox,1
Lumi,1
Maximas,1
Mishkah,1
Mr B,1
Mishu,1
Mr Bascomb,1
Mishy,1
Mr Beasley,1
Mac Dog,1
Mr Biggins Pussman,1
MISKHA,1
Mr Binx,1
Miski,1
Mr Bojangles,1
Miskka,1
Mr Buckley,1
Misko,1
Mr Cat,1
Marmie,1
Mr Cream,1
Miss Aggie Hopkins,1
Mr Darcy,1
Miss BB,1
Mr Ebony,1
Miss Bonny,1
Mr Fluff,1
Miss Chiffy,1
Mr Hunter,1
MISS CHLOE,1
Mr Jinks,1
Marmite,1
Mr Lee,1
Miss Eavie,1
Mr Max,1
Miss Emma,1
Mr Mistophales,1
Miss Honey,1
Mr Murphy,1
Miss Jessi,1
MACHELLO,1
Miss Jones,1
Mr Rudd,1
Miss Kimi,1
Mr Scooby,1
Magneto,1
Mr Sparkles,1
Miss Kitty Cat,1
Mr Tang,1
Miss Mack,1
Mr Tiger Kelly,1
Miss Marbles,1
Maximus Catticus,1
Miss Maxi,1
Mr William,1
Miss Millie Moo,1
Mr.,1
Magni,1
Mrs C,1
Marny,1
Mrs Doyle,1
Miss Money Penny,1
Mrs Pye,1
Marrick,1
Mrs Tinkles,1
Miss Mooney,1
Muchka,1
Miss Moppett,1
Mucky,1
Miss Muffett,1
Mucky Rosetilly,1
Miss Munchy,1
Muddles,1
Miss Nina,1
Mudge,1
Miss Pablo,1
Maxro,1
Miss Pearl,1
Majestic,1
Miss Penny,1
Muffit,1
Miss Pevensey,1
Maxxie,1
Miss Pickle (Pickly),1
Mugsley,1
Mars Bar,1
Mullan,1
Miss Pollywaffle,1
Multi,1
Miss Puss,1
Mumble,1
Miss Quincey,1
Mumford,1
Miss Rainbow,1
Mumma Puss,1
Miss Sassy,1
Mummy Cat,1
Miss Tibbs,1
Makybe,1
Miss Tilly,1
Maycie,1
Miss Wendy,1
Mayfair,1
Miss Whitepaws,1
Maylee,1
Missay,1
Mungus,1
Missee,1
MUPPET,1
Marseille,1
Mayvis,1
Magnolai,1
Murka,1
Missi Kanga,1
Lutz,1
MARSHAL,1
Musa 3,1
Missie Ann,1
Muscle Moro,1
Maca,1
Muse,1
Missy 3,1
Mush Mush,1
MISSY FOO,1
Muska,1
Missy Lucy,1
Mustafa,1
Missy Meowgi,1
Mazey,1
Marshell,1
Mut,1
Missy Omo,1
Mazy,1
Missy Pea,1
Mutters,1
Missy-Blue,1
Muttley Bonested,1
Missy-Mable,1
Mutya,1
Marshmellow,1
McDuff,1
Mista,1
Luvvi,1
Mistar,1
Mycroft,1
Marsy,1
McIvor,1
Mister B (Blaze),1
Myfanwy,1
Mister Darcy,1
McKagan,1
Macc,1
Myjit,1
Mistie,1
Myke,1
Mistique,1
Myla,1
Mistletoe,1
Lux,1
Martian,1
Mynti,1
Misty Girl,1
MYRA,1
Misty Moo-Mah,1
Myst,1
Misu,1
Mysterious,1
Misya,1
Mystic,1
Miszek,1
Mytzi,1
Martin,1
Nabella,1
Lunn,1
Nace,1
Mitchy,1
Nadgee,1
Mitsi,1
Meatloaf,1
Mitsie,1
Nak,1
Mitsu,1
Nakoma,1
Marto,1
Mecki,1
Martok,1
Nally,1
Mittins,1
Meecha,1
Mittsi,1
Nanos,1
Macduff,1
Naomi,1
MITZ,1
Lycan,1
Marven,1
Mitzi Imelda Marcos,1
Millie-Anne,1
Narderia,1
Millie-Brown,1
Millie-Cat,1
Jeanie,1
Landy,1
Jugs,1
Kate Kelly,1
Jek,1
Jamaica,1
Little Manz,1
Kath,1
Lad,1
Juicey,1
Lee,1
Kathy,1
Leyla,1
Jessa,1
Lincon,1
Jamale,1
Lofty,1
Katrina,1
KASSY,1
Katut,1
Laira,1
Kautee,1
Late,1
KAV,1
Leisel,1
Jessey,1
Levy,1
Kayba,1
Lido,1
Kaycee,1
Joker,1
Kayda,1
Lissie,1
Kayecee,1
Lleyton,1
Journie,1
Lollopy,1
Jukka,1
Lowrey,1
Kaylee,1
Kataline - Missy Mama,1
Kaysha,1
Lady Mirah,1
Jaksen,1
Lala,1
Kazooma,1
Jo-lee,1
Kazper,1
Laya,1
Kazzar,1
Jodey,1
Kc,1
Jubilee,1
Kcee,1
Lessy,1
Jessica Rose,1
Janis,1
Kealy,1
Jazi,1
Keano,1
Lik-Lik,1
Keara,1
Jesie,1
Kearly,1
Lily-Mae,1
Keasha,1
Lino,1
Keating,1
Little Foot,1
Keaton,1
Little Wal,1
Keats,1
Jazmine,1
Keba,1
Lola-Lolly,1
KEE KEE,1
Karto,1
Keegan,1
Louis 9,1
Jennifurr,1
Kassey,1
Keelie,1
LUCKY TWO,1
Jambo,1
Jatz,1
Keen,1
Lady Isabella,1
Keeper,1
Lagotto,1
Jessie Girl,1
Kaiko,1
Jessie Jay,1
Jnr,1
Keeshee,1
Lanie,1
Keeta,1
Kairi,1
Keeva,1
Jockey,1
Jessitoo,1
Jocksy,1
Keg Dog,1
Jocky,1
Keido,1
Lehroy,1
Jebba,1
Jube,1
Keilas,1
Lenny Sawyer,1
Jalna,1
Joely,1
Jesta,1
Letti,1
Jensa,1
Lewoy,1
Jen,1
Johari Blue Pearl,1
Kelee,1
Liah,1
Kell,1
Licorice All Sorts,1
Kellar,1
Liger,1
Kelleigh,1
Johnno,1
Kelley,1
Jersy,1
Jakyna Blade,1
Lilly Ann,1
Jamila,1
Jaquai,1
Kelly May,1
Limit,1
Kelps,1
Lingey,1
Kelsa,1
Karl,1
Kelsea,1
Little C,1
Jeph,1
Little Girls,1
Kelsi,1
Jonas,1
Kelsie,1
Karmady,1
Kelso,1
Loakie,1
Kemeka,1
Locket,1
KEN,1
Jaqui,1
Ken Ghan,1
Lolley,1
Kenai,1
Lonnie,1
Jestar,1
Jenni,1
Julio,1
Jardi,1
Jeremiah,1
Kaspa,1
Kendricks,1
Jordon,1
Kennie,1
Kassie,1
Jeda,1
Lucky Bird,1
Kensi,1
Lucy Buttercup,1
Jeta,1
Lui,1
Julz,1
Lacie,1
Keogh,1
JJT,1
Kep,1
Lady Juliet,1
Kepler,1
Lady Sif,1
Kera,1
Laika,1
Kerben,1
Laiste,1
Kero,1
Lakita,1
Kerry,1
Lamby,1
Jumbles,1
Lancelot,1
Keshia,1
Langley,1
Kesi,1
Lareaux,1
Kess,1
Larry O Lewis,1
Keto,1
JOBI,1
Kev,1
Latja,1
Jarrod,1
Lavendar,1
Keya,1
Jayke,1
Keybar,1
Lebs,1
Keyko,1
Lee Roy,1
Keysha,1
Leeloo,1
Jump,1
Lego,1
Jamesey Muttley,1
Jody,1
Kharma,1
Kajun,1
Khaseem Indiana,1
Lennard,1
Jumping Jack Flash,1
Juc,1
Jumpy,1
Leo James,1
Khoda,1
Leonardo,1
Khovi,1
KALSI,1
Ki,1
Jaspah,1
Ki Ki,1
Leumas,1
JEDDAH,1
joey james,1
JEUDI,1
Joff,1
Kianne,1
Lexpe,1
Jeven,1
Jekyll,1
Jeddie,1
Li An,1
Kibbi,1
Liara,1
Juneya,1
Liberty,1
Kida,1
Licorice Sticks,1
Kidd,1
Lieta,1
Juni,1
John J,1
Jewell,1
Juce,1
Kierra,1
Lilah,1
Kiesha,1
Lilith,1
Kiff,1
Johnson,1
Kiita,1
Janita,1
Kijani,1
Jesper,1
Jean,1
Liloux,1
Kiki Cat,1
Lily Louise,1
Kiki India,1
Lilypatch,1
Kiki Riki,1
Lina,1
Kikki,1
Lindsay,1
Kiko,1
Jude,1
Kikou,1
Karis,1
Kiku,1
Lisee,1
Kilbey,1
Little Bear,1
Kildare Bill,1
Jolson,1
Kile,1
Little Gem,1
Kili,1
Little Macka,1
Killa,1
Little Molly,1
Jewls,1
Little Princess,1
Kilti,1
Jassim,1
Jedi (Jett),1
Jazman,1
"Jakie Two ""JT""",1
JeanLuc,1
Kimber,1
Lobus,1
JASPER BEAR,1
Lochlyn,1
Jena,1
Jonson,1
Kina,1
Logan Ernie,1
Jasper Biggles,1
Jarah,1
King Arthur,1
Karrie,1
King Shadow 1,1
Jonti,1
Kingsley,1
Karter,1
Jezel,1
LOOMPY,1
Kink,1
Jeb,1
Kinka,1
Jooky,1
Joya,1
Joop,1
Jezz,1
Louie Jasper,1
Jurgen,1
Louis V,1
Justice,1
Lovey,1
Jarra,1
Jemimah,1
Kippers,1
Lubi,1
Jamilah,1
Lucee,1
Kirah,1
Jorjie,1
Jezzabelle,1
Lucius,1
Jezzara,1
Lucky Bruno,1
Jay Z,1
Lucy (Angel),1
Kirra Point,1
Kata,1
Kirrah,1
Lugei,1
Jib,1
Katcha,1
Kisa,1
Lachy,1
Kiseki Tatsaya,1
Jasmyn,1
Kisha,1
Ladd,1
Kisimul (Kish),1
Janesy,1
Kismut,1
Lady Jodie,1
Kiss,1
Lady Lilly,1
Kissa,1
Lady Penelope,1
Jibby,1
Lady-Lou,1
Kit Cat,1
Laidee,1
Jiggy,1
Laila,1
Kit Kit,1
Kaija,1
Kit- e- kat,1
Lake,1
Lulu Kingston,1
Lakira,1
Jutze,1
Lakshmi,1
Juvi,1
Lambchop,1
Kitta,1
Lamont,1
Jigsaw,1
Lance,1
Kittens Magee,1
Lander,1
Jandels,1
Laney,1
JIJI,1
Jo,1
Kitty Critter,1
Jo Jo,1
Juzzy,1
Larni,1
Jeremy,1
Job,1
Kitty or Honey,1
Ju Ju,1
Kitty Pride,1
Jeffro,1
Kitty Purry,1
Latch,1
Kitty2,1
Latifa,1
Kittycat,1
Juan,1
Kity,1
Kaisha,1
Kitzi,1
Lavender,1
Joybell,1
Layah,1
Jynxi,1
Laynie,1
Kizi,1
Lear,1
Kizma,1
Led,1
Jynxie,1
Lee Loo,1
KJ,1
Lee-Lo,1
KK,1
Leelo,1
Kkrash,1
Leena,1
Jypsi,1
Kaiya,1
Joyce,1
Legs,1
Kleo,1
Jeffy,1
Klink,1
Leilani,1
Knackers,1
Lele,1
Knickers,1
Lemur,1
Knight,1
Jefrey,1
Jedu,1
Lenney,1
Jyro,1
Kalea,1
Ko,1
Janga,1
Koa,1
Kally,1
Kobalt,1
Leo King,1
K,1
Joel Selwood,1
Jay.J,1
Kalou,1
Jilla,1
Leppy,1
Jillian,1
Lesi,1
Kocicka,1
Kalu,1
K C,1
Letali,1
Jeena,1
Lettie,1
K.C.,1
Jayzee,1
Kaandi,1
Kalyna,1
Kodee,1
Jarracada Ellis / Bwana,1
Jeepie,1
Lewy,1
Kodiak,1
Janiee,1
Jimbi,1
Lexie May,1
Kodo,1
Lexs,1
Jeeves,1
Lexxie,1
Koga,1
Leyawiin,1
Kohdi,1
Lhani,1
Jaybez,1
Lia,1
Kokoda,1
Liam,1
Kokonut,1
Libba,1
Kolby,1
Libby Cuddles,1
Kommet,1
John Brown,1
Kona,1
Licorice Max,1
Konan,1
Licquorice,1
kaba,1
Lieba,1
Konnie,1
Lift,1
Kookie,1
Kambull,1
Kachelle Mr Wonky,1
Lik Lik,1
Jean Louie,1
John Paul,1
Jimmi,1
Lil'dog,1
Kophi,1
Lila Belle,1
Kopi,1
Lilah Spot,1
Kora,1
Lilian Maude,1
Korjo,1
Lilla,1
Korky,1
Jenevive,1
Korma,1
Jasari,1
Koska,1
Lillie Grace,1
Jean Pierrre,1
Lilly Abbey Hayes,1
Kacy,1
Lilly Lou,1
Kostya,1
Lilly Rose,1
Kado,1
Lilou,1
Koukla,1
Kareena,1
Jimmy Bartel,1
Lily Lou Lou,1
Kova,1
Lily Sparkles,1
Jimmy Choo,1
Lilybel Top Gere,1
Kozi,1
Limbo,1
Kady,1
Limo,1
Kozzie,1
Joking,1
Kracka,1
Karen Clara,1
JP,1
Karenin,1
Krammer,1
Lingie,1
Krash,1
Link,1
Jimmy Johnston,1
Linus,1
Krissie,1
Lipstik,1
Kristol,1
Lisa-Marie,1
Kristy,1
Lissi,1
Kronic,1
Little,1
Krow,1
Little Boy,1
Kruger,1
Judge,1
Lula,1
Little Dude,1
Lulabelle,1
Little Fox,1
LULU BOO,1
Little Girl,1
Kryton,1
Little Guy,1
KT,1
Jomi,1
KTwo,1
Karlof,1
Ku,1
Little Muma,1
Kafka,1
Little Orange,1
KAHEA,1
Little Puddha,1
Kuda,1
Livvie,1
Kudo,1
Lizz,1
Kufflink,1
Jazma,1
Kuggi,1
Karn,1
Jimmy The Fuzz,1
Llly,1
Kulya,1
Loaki,1
Jinga,1
Lobo,1
Kumiko,1
Lochee,1
Kuota,1
Lochlan,1
Kuper,1
Karni,1
Kuroi,1
Joni,1
Kurra,1
Loco,1
Kahli,1
Jema,1
Kush,1
Lois,1
Jinger,1
Lokie,1
Kutie,1
Lola Montez,1
Kutzie,1
Lolah,1
Kuyan,1
Lolita,1
Kuza,1
Lolli,1
Kwazi,1
Karsha,1
Kwazii,1
Jazmyn,1
Jericho,1
Lonni,1
Jingles,1
Lonsdale,1
Jinjy,1
Lord Nelson,1
Kahlua Kreme,1
Lotte,1
Kyana,1
Jalan,1
Kybie,1
Jooke,1
Kahuna,1
Jazzabelle,1
Kyia,1
Louella,1
Kyketami Cocoabana,1
Jord,1
Kylar,1
Louie BJ,1
Jinty,1
Jark,1
Kylie,1
Louis Aurelius Horatio,1
Kylo,1
Louise,1
Jasmine (Jazzy),1
Loveheart,1
Jebediah,1
Kaspar,1
Kymbah,1
Lt Theo,1
Kymbo,1
Lu Lu May,1
JPeg,1
Lubby Lou 2,1
Jinxie,1
Kasper,1
Kyser,1
Jorgie,1
Kysha,1
Jorj,1
Kyte,1
Lucie,1
JEAN-LUC,1
Lucille,1
Kaiah,1
Lucious,1
KAIBA,1
Jarmbi,1
Kyzo,1
Lucky Breen,1
L,1
Lucky Girl,1
L.B,1
Jarnr,1
L.B.,1
Lucy Bell,1
L.G.,1
Jennie,1
La Kota,1
Jamahl,1
Labby,1
Katara,1
Kaiden,1
Katayah,1
Lacee,1
Jemma Louise,1
JAYCO,1
Joss,1
Kaieda,1
Jizo,1
Jarpe,1
Krypto,1
Jourgo,1
Jimmy Magic,1
Kitchy,1
Honney,1
Harrod,1
Ishtar,1
Fritha,1
Emba,1
Frito,1
IDA,1
Edgar,1
Frenchie,1
Fritze,1
Heber,1
Fritzel,1
Elana,1
Fritzy,1
Huggles,1
FRIZ,1
Indio,1
Frizzy,1
J-Lo,1
Esmeralda,1
Filina,1
Frog,1
Hawk,1
Frost,1
Hemingway,1
Edge,1
Hex,1
Esteban,1
Hollis,1
Estelle,1
Hosko,1
Froy,1
Flyn,1
Fruli,1
Inara,1
Fry,1
Enook,1
Fryers,1
Issy (Isobel),1
Fuddles,1
Jack Sprat,1
Elizabeth Rose,1
Jaguar (Jag),1
Fue,1
Harriet Frangipanni,1
Fufu,1
Finian,1
Fuji,1
Hazard,1
Fujiko,1
Finningan,1
Furball,1
Fiyero,1
Furbi,1
Fleas,1
Furby,1
Emila,1
Furgus,1
Hodgy,1
Furlong,1
HONEY BUNNY,1
Furrgus,1
FLORA BELLE,1
Fury,1
Hozay,1
Fushia,1
Hugstable,1
Futura Jake,1
Hyde,1
Futura Lake,1
Ili,1
Fuyu,1
Indiah,1
Fuzz,1
Inja,1
Fuzz Ball,1
Isabell,1
Fuzzie,1
Isobella,1
Fuzzy,1
Freckels,1
Fyng,1
Freddo,1
Fynn,1
Frehley,1
G.T,1
Jaf,1
G.T.,1
Jake Ratfink,1
GABBIE,1
Harrey,1
Esyld,1
Finbarr,1
Etchells,1
Harry-Campbell,1
Etna,1
Hattie,1
Gabrielle Rose,1
Haydos,1
ETOSHA,1
Heathcliff,1
Gadget,1
Hecter,1
Gaga,1
Helix,1
GAITOR,1
Hennie,1
Galore,1
Fizz,1
Etta,1
Hermie,1
Gapi,1
Heston,1
Gappy,1
el diable,1
Gara,1
Emillye,1
Euan,1
Hobie,1
Garnett,1
Flinty,1
Garth Ninja,1
Emmett,1
Euro,1
Honeycomb,1
Elka,1
Hooley Dooley,1
Gaspard,1
Horrie,1
Gaston,1
Housie,1
Gatsby,1
Huckle Cat,1
Gatto,1
Emu,1
Elkanah,1
Hun,1
Gaws,1
Fonsey,1
Evaristis Jack Sparrow,1
Fonzy,1
Gazzaro,1
Iggy Bobo,1
Geanie,1
Enja,1
Gedda,1
Indhi Trisox,1
Geelong,1
Foz,1
Geema,1
Ingo,1
Geena,1
Inspector Rex,1
Geezer,1
Franke,1
Edie,1
Isadora,1
Geisha-Girl,1
Franklyn,1
Gelo,1
Issi,1
Evee,1
Ebz (Ebony),1
Gem Kennedy,1
Eppy,1
Eveie,1
J.R.,1
Eveline,1
Jack Jnr (JJ),1
Gemmy,1
Freedom,1
Genelle,1
Freida,1
Everest,1
Jadika,1
Everweispark Murphy,1
Ertha,1
Geni,1
Jaina,1
Geo,1
Harly,1
Edith,1
Filip,1
Geommet,1
Harrie Alexander,1
Evie Grace Vass,1
Harrietta Kewel,1
Geordy,1
Harrison Ford,1
Georga,1
Harry Conick,1
Evil,1
Hartley,1
Georgi,1
Harvi,1
Evo,1
Havoc,1
Evoke,1
Hawker,1
Georgie Girl,1
Elsea,1
Georgina,1
Hazle,1
GEORGIO,1
Heathy,1
GEORGIO THE THIRD,1
Finnbar,1
Evy,1
Hedi,1
Ewok,1
Helf,1
Gerberus,1
Heloise,1
Geri,1
Firefly,1
Gerlinda,1
Elwing,1
Gerome,1
Henry Anagustyl,1
Gerry,1
Herc,1
Gerry (Gerald),1
Hermi,1
Eyebrows,1
Hermionie,1
Ezekiel (Zeik),1
Hesse,1
Gerwi,1
Hetty,1
Gezzy,1
Hiccup,1
GG,1
Emerson Elia,1
Ghana,1
Hippo,1
Ezra,1
Hitler,1
Ghillie,1
Hobbs,1
Ezrah,1
Hochi,1
Giai,1
Emlyn,1
Gianni,1
Flipper,1
Gibbs,1
Holly Rose,1
Ezri,1
Honey Boo,1
Giddy,1
Honey Lee,1
Ezzi,1
Honie,1
Fabbi,1
Flopsy,1
Gidget (Pearl),1
Hootabelle,1
Giega,1
Eleanore,1
Giesha,1
Horus,1
Giggle,1
Emmy-Lou,1
Giggles,1
Flower,1
Giggsy,1
Hubble,1
Fabe,1
Emogene,1
Ella Bella Lala Puppy,1
Hugh,1
Faccia,1
Hugo Boss,1
Gili,1
Humpah,1
Gilla,1
Hunie,1
Fado,1
Foggy,1
Gilligan,1
fonz,1
Faeze,1
Hymie,1
Gilmore,1
Icey Pole,1
Ella-Rose,1
Iffy,1
eagleburt,1
Forby,1
Falcor,1
Ily,1
Famo,1
Imogen,1
Ging,1
Indah,1
Fan Dau,1
Fox,1
Fancy,1
Enki,1
Ginger Boy,1
Fozzi,1
Ginger Fluff,1
Fozzie,1
Ginger Meg,1
Ini,1
Edmunda,1
Fran,1
Fannie,1
Francis John,1
Ginger Snaps,1
Isa,1
Ginger-Megs,1
Isabeau,1
GINGI (LEROY),1
Isabella (Izzy),1
Gingie,1
Isher,1
Gingin,1
ELENA,1
Gingor,1
Franko,1
Fanny,1
Issabella,1
Gingy Boy,1
Issues,1
Ginja,1
Itchy,1
Ginnie,1
Frasier,1
Faolan,1
Izet,1
Gino,1
Izzy Mae Stephenson,1
Ginty,1
J.D.Ralli,1
Ginx,1
Jabera,1
Giny,1
Jack Daniels,1
Giorgia,1
Jack Russell,1
Farli,1
Eli May,1
Farren,1
Erika,1
Girley,1
Erin,1
Fat,1
Frekels,1
Girlie(2),1
Jada,1
Jakey,1
Jaegar,1
Fat Boy,1
Errol,1
Fate,1
Jaggar,1
Fatima,1
Eliot,1
Gitana,1
JAK JAK,1
Givina Moonshine,1
Frisky,1
Gixxa,1
Figgy,1
Gizmet,1
Harpa,1
Fatta,1
Fimbo,1
Gizz,1
Harrie,1
Ebee,1
Fimo,1
Fazz,1
Egi,1
Glimmer,1
Ego,1
Glisha,1
Finchy,1
Fe Fe,1
Harrison Marley,1
Gloucester,1
Fini,1
Glow,1
Harry Spotter,1
Godfree,1
Harryette,1
Godzilla,1
Haruki,1
Gogeth Yoda,1
Harvey Birdman,1
Gogetta Clancy,1
Hastings,1
Gogetta Mister,1
Havana,1
Gogetta Ziggy,1
Havok,1
Goggles,1
Hawk Eye,1
Febe,1
Hawkins,1
Golden Glory,1
Hayla,1
Febie,1
Haylo,1
fEBY,1
Finlee,1
FEE,1
Hazza,1
Golrain Clover,1
Eighty,1
Gombie,1
Eilish,1
Feebe,1
Heckel,1
Goo Doo,1
Heckles,1
Gooba,1
Elvin,1
Goober,1
Heffa,1
Gooch,1
Heintse,1
Goodsey,1
Ebony Lace,1
Feebi,1
HELO,1
Goon,1
Fipsi,1
Feebie,1
Hemmy,1
Gorbash,1
Henley,1
Gordius,1
Henny,1
Feegle,1
Eisha,1
Gordon Freeman,1
Fizgig,1
Gorgeous,1
Henry Lucas,1
Gorgi,1
Fizzy,1
Gotcha,1
Flanders,1
Gotchie,1
Hermes,1
Elli-May,1
Hermia,1
Grace Jones (Gracie),1
Flashie,1
Feisti,1
Eko,1
Grady,1
Hershey,1
Feistian,1
Hesta or Hesia,1
Graicee,1
Fleck,1
Gravel,1
Hewey,1
Feisty Girl,1
Hi Style Hamish,1
Felicity,1
Flek,1
Grayson,1
Hilary,1
Grechen,1
Hilde,1
Greebo,1
Hinske,1
Ellia,1
Hirdy,1
Gregory,1
Histamine,1
Gremlin,1
Hito,1
Gremmi,1
Hobbo,1
Gretal,1
Hobi,1
Gretchen,1
Flinders (Flin),1
EBONI,1
Hodgey,1
Gretsch,1
Hodor,1
Gretyl,1
Hokey,1
Fellow,1
Elbie,1
Grey Cat,1
Flirt,1
Grey-M,1
Emmerson,1
Greyem,1
Hollywood,1
Gribbles,1
Flop,1
Griever,1
Honey Bunch,1
Griff,1
Honey Dog,1
Griffen,1
Honey Pie,1
Female Spayed,1
Honeycombe,1
Griffyn,1
Honky,1
Grinder,1
Honnie,1
Gringo,1
Hooley,1
Gris,1
Hoot,1
Griselda,1
Eldrazi,1
Grissi,1
Hoppy,1
Grizzly,1
Electra,1
Gromet,1
Emmy Lou,1
Gromit,1
Hosha,1
Grommet,1
Hottie,1
Grommit,1
Houie,1
Grona,1
Flow,1
Groovie,1
Hoysted,1
Grot,1
Huan Huan,1
Groucho,1
Huckle,1
Fender,1
Elektra,1
Fenre,1
Fluff Button,1
GRUB,1
Huggy Beyonce Bear,1
Grubb,1
Hughes,1
Fenris,1
Emza,1
Gruff,1
Hugo Winston Star Barton,1
Feral Cockotryce,1
Hulk,1
Grungle,1
Flur,1
Grunt,1
Hungry,1
Gryff,1
Enby,1
Ecto,1
Endora,1
Fergal,1
Foley,1
Edynn,1
Hussy,1
Gucci 2,1
Eneit,1
Fergie Bear,1
Hydro,1
Ebonii,1
Hyzus,1
Gulliver,1
Foo Foo,1
Gumnut,1
Icy,1
Gumus,1
Idris,1
Gunna,1
Fooey,1
Fergus (Gus),1
Iggy McFlem,1
Gunter,1
enid,1
Gunther,1
Illoura,1
Ferguson,1
Imari,1
Gusepi,1
Immy,1
Ellre,1
Impy,1
Gussi,1
Fosca,1
Gussie,1
Indee,1
Gussy,1
Foucault,1
Guzzi,1
India Rose,1
Gwapo,1
Enjo,1
Gwendalyn,1
Indianna (Indy),1
Gyp,1
Indiee,1
Gypee,1
Indigo Elizabeth,1
Gypsey,1
Indra,1
Gypsi,1
Indy Bins,1
Fernando,1
Ingrid,1
Ferosious,1
Inidanna,1
Ferrari,1
Fragazza,1
GYPSY ROSE LEE,1
Inspector,1
Gypsy-Rose,1
Inspo,1
Ferris,1
Inukshuk,1
Gyzmo,1
Irish,1
H.R.,1
Isa Bean,1
Habibe,1
Isaak,1
Habibi,1
Frankfurt,1
Hacchi,1
Franki,1
Hachiko,1
Envy,1
hACK,1
Isbog,1
Hacksaw,1
Ishi,1
Haddie,1
Ishy,1
Fertie,1
Iska,1
Hadleigh,1
Islay 2nd,1
Hadrian,1
Isobell,1
Festa,1
Issabel,1
Haig,1
Isse,1
Hail,1
Issie,1
Ellse,1
Enyo,1
HAIRY,1
Isya,1
Hak,1
Itty Bitty,1
Hakoka,1
Ivanna,1
Ffreya,1
Frazzle,1
Hali,1
Izabella,1
Halia,1
Ephiney,1
Fi,1
Elfy,1
Hally,1
Eddy Betts,1
Ellwood,1
Freddi,1
Ham,1
Erickliss,1
Fi-Fi,1
Jabba,1
Hamish (McDuff),1
Jac-Jac,1
Hamish James,1
Jack 2,1
Fiddy,1
Jack Hemingway,1
Ed Longridge,1
Jack London,1
Hammie,1
Jack Scraps,1
Hana,1
Jack-Ling,1
Hanako,1
Freeda,1
Fidget,1
Jackie Jack,1
Handsom,1
Jacks,1
Fiesty,1
Jackson Brown,1
Hanley,1
Jaco,1
Hanna,1
Jacoby,1
Easy,1
Jacques,1
Fiffi,1
Jad.Bal.Ja,1
Hansel,1
Ernest,1
Hanson,1
JAE,1
Hanz,1
Elija,1
Happo,1
Jafeica,1
Elora,1
Jaffles,1
Harada,1
Escobar,1
Hardy,1
Eccaboy,1
Harlea,1
Jahli,1
Elphata,1
Jaimi,1
Harlem,1
Frisco,1
Fig Jam,1
Friskit,1
Harley Rose,1
Jake-Brown,1
Harli,1
Elphi,1
Gisele,1
DI,1
Chazer,1
Chinsan Eren,1
Choccy,1
Cardwell,1
Caira,1
Chick,1
Chock,1
Duskie,1
Chockie,1
Cheebo,1
Cassandra,1
Denny Crane,1
Cassanova,1
Dimka,1
Cassi,1
Donnovan,1
Caireen Carnivale,1
Chiron,1
chocy,1
Dalas,1
Choda,1
Checka,1
Chok,1
Deano,1
Chokita,1
Caribelle Double Dream,1
Butyok,1
Chetah,1
Chomp,1
Cheyenne,1
Chompin,1
Chicago,1
Chompsky,1
Doka,1
Chomsky,1
Doonie,1
Choo Choo,1
Drae,1
Cassius,1
Duname Hope FLoats,1
Choocho,1
Daisy-Belle,1
Chook,1
Damon,1
Chooka-Billy,1
Cheasta,1
Caitlin,1
Darth Vader,1
Chopa/Percy,1
Cheeko,1
Choppa,1
Cheezels,1
Casta,1
Dekoda,1
Butzi,1
Cherri,1
Chopsticks,1
Dermie,1
Chopz,1
Dewi,1
Choti,1
Dicey,1
Calais,1
Dilli,1
Cat Ballou,1
Ding,1
Christian Dior,1
Ditch,1
Christy,1
Chieko,1
Chronic,1
Chilee,1
Chubb,1
Doofy Daly,1
Catdog,1
Chiney,1
Catfink,1
Doza-George,1
Catie,1
Dream,1
Catness,1
Cailah,1
Chuck Norris,1
Dundee,1
Chuck Norris Texas Walker,1
Dweasle,1
Chuckey,1
Dakodah,1
Chuckie,1
Chava,1
Chuckles,1
Dancy,1
Catriona,1
Dao Dao,1
Chud,1
Daria Tasha,1
Chui,1
Darmah,1
Chuky,1
Dashar,1
Chula,1
Carbie,1
Chully,1
DD,1
Chumlee,1
Carby,1
Chumly,1
Chella,1
Chumpy,1
Chen-Chen,1
Chung,1
Delight,1
Chunky,1
Carie,1
Chuppy,1
Denis The Menace,1
Churchill,1
Dep,1
Churros,1
Cadby,1
Cats Meow,1
Devas,1
Ci Ci,1
Carlie,1
Ciabatta,1
Diamond (Dee),1
Cicci,1
Chewey,1
Ciccio,1
Digit,1
Cici,1
Dim Sim,1
Cigo,1
Din Din,1
Cauze,1
Dinky,1
Cilli,1
Diseal/Dizz,1
Cinco,1
Carlton,1
Cavvy,1
Djuke,1
Cinde,1
Chiisai,1
Cayla,1
Chikhee,1
Cinder Indigo,1
Donk,1
Cazally,1
Doobie,1
CB,1
Dooke,1
Calev 2,1
Dora Barry,1
Cindy Lo,1
Dott,1
Cindy Lou,1
Douggie,1
Cindy-two,1
Dozza,1
Cinna,1
Draven,1
CD,1
DROVER,1
Buz,1
Chiva,1
Ciril,1
Dumfries,1
Ceaser,1
Duname Rum N Raisin,1
City,1
Duneed Yuri Bentley,1
CIVIC,1
Cho Chang,1
Ceazar,1
CHOC,1
Claira,1
Daizy,1
Cece,1
Dakotah,1
Claire Bear,1
Chasey,1
Clamity Jane,1
Dami,1
Cecelia,1
Chayce,1
Clanci,1
Dandy,1
Butta,1
Che,1
Clank,1
Che Che,1
Cedar,1
Cheby,1
Clarabel,1
Darko,1
Clare,1
Darlin,1
Clarence,1
Darren,1
Clark,1
Checko,1
Clarke,1
Dashi Bone,1
Clarkey,1
Davidson,1
Cedric,1
CheeCha,1
Calipso,1
Daytua,1
Claus,1
Cheeky Girl,1
Clawd,1
Cheeky Monkey,1
Clawdious,1
Decoda,1
Ceefa,1
Cardhu,1
Ceejay,1
Chellcee,1
Clayton,1
Deelee Dixie,1
Ceil,1
Degan,1
Clementine,1
Del,1
Clemintine,1
Cardy,1
Clemkirk Cheersquad (Jex),1
Dellyth,1
Clemmy,1
Cherman,1
Ceilidh,1
Cherry Jackson,1
Cleo / Chloe,1
Dennis Denuto,1
Cleome,1
Cherub,1
Callahan,1
Chessie,1
Celia,1
Chesta,1
Celie,1
Dessi,1
Buzzby,1
Dev,1
Cera,1
Butch Wrinkles,1
Cerebus,1
Dexie/Dexter,1
Clo,1
Dezy,1
Clodagh,1
Diago,1
Cesar,1
Dianne,1
Cloey,1
Didak,1
Cesear,1
Carlile,1
Cloudz,1
Chi Chi,1
Clova,1
Dilbert,1
Ceser,1
Dillus,1
Clubby,1
Dime,1
Calliope,1
Cadel,1
Cluny,1
Dinah-Saur,1
Clutch,1
Dinja,1
Cha Cha,1
Dio,1
Cha Chi,1
Dipstick,1
Chablis,1
Disele,1
Coaco,1
Chich,1
Chace,1
Dizzi,1
Cobain,1
Carly,1
Cobba,1
Carmel,1
Callisto,1
Chiguita,1
Buzzter,1
Doggie,1
Chadow,1
Dola,1
Cobra,1
Dom,1
Buzzy,1
Donald,1
Chain,1
Chille,1
Chairman Meow,1
Cadillac,1
Bustlin,1
Doof Doof,1
Coco Channel,1
Cador,1
Coco Honey Bun,1
Dooley,1
Coco-Nellie,1
Dopey,1
Chalsi,1
China Blue,1
Coconut,1
Dorothy Peg,1
Cocopops,1
Chinni,1
Chaminda,1
Dougald,1
Camando,1
Cafa,1
Champagne,1
DOZOR,1
Champagne Oliver (Oliver),1
Dr. Perkins,1
Camary,1
Draiko,1
Cody Banks,1
Caiden,1
E.J,1
Chiquito,1
Champignon,1
Drusilla,1
Cofu,1
Chiswick,1
Cog,1
Chleo,1
Cogi,1
Dulux,1
Champion,1
Duname Flap Jack,1
Byron Zhenya,1
Duname Mudlark,1
Col,1
Duname Sweet Charity,1
Chance (was Cheroke),1
Dune,1
Colbolt,1
Dushka,1
Chance John T,1
Dusky Tumbleweed,1
Coldie,1
Dutchess of Cattington,1
Cole,1
Chobe,1
Coleby,1
Dzeko,1
Chandi,1
Daisy-Do,1
Colleen,1
Caramelle,1
Collette,1
Buster Whiskas Spadon,1
Collie,1
Dalai,1
Chandilea,1
DALEY,1
Colombia,1
Chaska,1
Colt,1
Daly,1
Columbus,1
Damian,1
COMBI,1
Chavez,1
Comedy,1
Chaz,1
Chandon,1
Dandelion,1
Chandra,1
Dani,1
Con,1
Danny Boy,1
Byson,1
Danzig,1
conchita,1
Daphine,1
Conex,1
Daquiri,1
Conky,1
Cheater,1
CONNE,1
Dare,1
Camilla Caramia,1
Dario,1
Chang,1
Darky,1
Conor,1
Darlene,1
Conrad,1
Caramon,1
Constance (Connie),1
Darna,1
Chantelle,1
Darth,1
Coobs,1
Dasch,1
Cooby,1
Cheddar,1
Cooch,1
Chee,1
Coodu,1
Chee Chee,1
Coogee,1
David,1
Chanter,1
DAVO,1
Cooky,1
Dawes,1
Cooky Bailey,1
Dawson,1
Cooma,1
DAYAH,1
Coony,1
CARBO,1
Coop,1
Deago,1
Coopa,1
Dean,1
Camille,1
Deasel,1
Cooper James,1
DECIMA,1
Cooper Lucas,1
Declann,1
Cooper Sam,1
Dedan,1
Coops,1
Dee Cee,1
Chap,1
Dee Dee (Kitty),1
Cootsy,1
Dee Oh Gee,1
Coover,1
Deefer,1
Copley,1
DeeKay,1
C.C,1
Chelsie,1
Cor-Tan,1
Deezl,1
CORA,1
Chenaya,1
Cora Finn,1
Dekota,1
Coraline,1
Chequers,1
Cordaroy,1
Delila,1
Cordie,1
Delilha,1
Candi,1
Delly,1
C.C.,1
Delores,1
Corlos,1
Demelza,1
Cornflake,1
Demitri,1
Coro,1
Carina,1
Corporal Stripes,1
Denim,1
Char,1
Cherry Lee,1
Butterball Brown,1
Denny,1
Cosimo,1
Deno,1
Charcoal (Charkie),1
Chessa,1
Cosset,1
Derby,1
Cossie,1
Deringer,1
Cossimo,1
Derrick,1
Chardi,1
Desi,1
Costa,1
Chet,1
COSTER,1
Dessie,1
Cotton,1
Detroit,1
Couga,1
Devan,1
Candy Boots,1
Devika,1
Couger,1
Devo,1
Couper,1
Chevez,1
Courd,1
Carla 2,1
Courtney,1
Dezel,1
Candy Cane,1
Chewbaca,1
Couscous,1
Chewbacca,1
Cowboy,1
Chewbacca (Chewy),1
Canon,1
Diamond Lil,1
Crabbie,1
Chewbacker,1
Cracka,1
Dickie,1
Canti,1
Diddi,1
Crackerjack,1
Chewi,1
Buttercup,1
Carlin,1
Craig,1
Caddy,1
Crapper,1
Diggerette,1
Charlene,1
Dihna,1
Cappu,1
Dilky,1
Creamy,1
DILLIGAF,1
Credit,1
Dilly,1
Creed,1
Dima,1
Crete,1
Dimity,1
Crezzi,1
Chia,1
Crib,1
Carlotta Ladinamica,1
Charles Winston,1
Dina,1
Crikey,1
Dindi,1
Crissy,1
Dingy,1
Crock,1
Dinkie,1
Crom,1
Chicaboo,1
Cromwell,1
Dion,1
Crookshanks,1
DIPPY,1
Crosby,1
Chicane,1
Crossy,1
Disel,1
Charles-Stewart,1
Disney,1
Cappy,1
Ditto,1
Cruiz,1
Dixi,1
Cruize,1
Dizzee,1
Capri,1
Dizzie,1
Crum,1
CHICKEN,1
Crumble,1
Djugolet,1
Charli Rose,1
Chicky,1
Crunch,1
Carmen,1
CAPSTAN,1
Dodgy,1
Charlie (Brown),1
Doey,1
Cruskit,1
Dogga,1
Cabbie,1
Dok,1
Captain Jack,1
Doki,1
Charlie Buttons,1
Dolce,1
Charlie Choc Top,1
Carrera,1
Captain Kendrick Farris,1
Dominic,1
Cuba,1
Cadie,1
Charlie Jeswee Brandon Bo,1
Donati,1
Charlie Rose,1
Donkey,1
Charlie Sharp,1
Chilley,1
Cullen's Billy Jean,1
Carrott,1
Culloch,1
Doobagg Black Jetta,1
Culloden,1
Dooey,1
Cup Cake,1
Doofus,1
Charlie wigglebottom,1
Doogal,1
Charlie-Brown,1
Chiltern,1
Curie,1
CAEDAN,1
Charlie-Murphy,1
Doom,1
Curlicue Jack Spratt,1
Dooza,1
Curls,1
Cas,1
Charlies,1
Dorian Grey,1
Curly Sue,1
Dorla,1
Charlii,1
Dorothy (Dotty),1
Cushla,1
Casa,1
Cushy,1
Chinky,1
Charlin,1
Caelie,1
Custard John,1
Chinta,1
Custom,1
Chio,1
Cute one,1
Butt Head,1
Captain Stumpy,1
Chipper,1
Cutie Pie,1
Casi,1
Cuz,1
Dozr,1
Cybi,1
CAGE,1
Charlton,1
Draco,1
Cyka,1
Dragon,1
Cylee,1
Chiqui,1
Captian Jack Sparrow,1
Dray,1
Cyprus,1
Dread,1
Cypuer,1
Dreamer,1
Charly-Brown,1
Drizzy,1
Caboose,1
Drummer,1
D,1
Chiquitta,1
D- Fer,1
Caspar Lee,1
D-Moss,1
Duey,1
D.B.,1
Chivas,1
D.D,1
Dujan,1
Charma,1
Dukit,1
D.J.,1
Duma,1
D.T,1
Dumpy,1
D'Arcey,1
Duname Foxy Brown,1
D'arcy,1
Duname Lola Fern,1
D'artagnan,1
Duname Precious Faith,1
D'Beare,1
Duname Sparrow,1
D'FA,1
Chloe 2,1
Daffy,1
Dundenklumpen Izzie Anset,1
dagar,1
Duneed O What Bliss,1
Dahei,1
Duneed Zita,1
Charol,1
Duski,1
Daigos,1
Chloe Rose,1
Daikin,1
Dustin,1
Charpae,1
Cho-Cho,1
Charvis,1
Dutchie,1
Charwee,1
Choban,1
Cactus,1
Dynah,1
Daisy Clipper,1
Chocala,1
Daisy Mae,1
Cain,1
Daisy Precious,1
Coffee Milo,1
Bounce,1
Absolutely Beautiful,1
Azreal,1
Bagera,1
Ashaa,1
Baggins,1
Briony (Bree),1
Baggles,1
Bushka,1
Bail,1
Bohemiath,1
Alwyn,1
Boot's,1
Alyriah,1
Brandy Snap,1
Alysha,1
A.J,1
Bailey Holmes,1
Bukie,1
Baileys,1
Blue Bell,1
Baillee,1
Arnie Schwarzenegger,1
Bails,1
Bonaparte,1
Adele,1
2 Up,1
Bakstar,1
Borys,1
Balaram,1
Atilla,1
Baldrick,1
Brewza,1
Baldy,1
Ax,1
Bali,1
Bryal,1
Balka,1
Buddi,1
Bally,1
Alphie,1
Ballydoon Celtic Boy,1
Abrey,1
Amai,1
Bo Bo,1
Balto,1
2 Pack,1
Balzamon,1
Arny,1
Amalie,1
aleksandr Pushkin,1
Amanda,1
Asa,1
Bam-Bam,1
Bony,1
Adeleine,1
Booma,1
Bambo,1
Alfie Girl,1
Banana,1
Bossco,1
Amara,1
Ali (Ellie),1
Banchi Yenie,1
Brady,1
Amaya,1
Breehan,1
Bando,1
Bridie Skye,1
Bandy,1
Bro,1
Ambah,1
Axyl,1
Bang,1
Addison,1
Adore Elvis Master Blaise,1
Bubble,1
Amberlee Lara,1
Azura,1
Banks,1
BUFFER,1
Banner,1
Baby Bell,1
Bannik,1
Burke,1
Bannon,1
Blinky Bill,1
Ambi,1
Arjar,1
Banx/Itchy,1
Bluebelle,1
Banzai,1
Bo-Dette,1
Ambre,1
Bob the Builder,1
BARBIE,1
Bobby Bear,1
Barish,1
Boddy,1
Barker,1
Bogart,1
Barklee,1
Bojo,1
Ambros,1
Acer,1
Aero,1
Boney,1
Ambrouse,1
Bonja,1
Barnee,1
Ashanti,1
Barnex,1
Ashby,1
Amego,1
Alfi,1
Barney Junior,1
BOON,1
Amelda,1
Ashlee,1
Barnji,1
Alfonso,1
Barnsey,1
Alfred the 6th,1
Barny,1
Assisi,1
Afro,1
Algi,1
Barra,1
Boy Scout,1
Barratt,1
Brackets,1
Barrett,1
Alifie,1
Aaron,1
Brazilian,1
Aggatha,1
Brenna,1
Barsik,1
Bridey,1
8452,1
Aureus,1
Bart 3rd,1
Aussi,1
Bartel,1
Allegra Malakellis,1
Bartell,1
Allen,1
Bartholomew,1
Brouh,1
Bartimeus (Bart),1
Ayeshn,1
Bartley,1
Aylea,1
Bartoc,1
Bryndal,1
Barty,1
Bubie,1
Barty Girl,1
Buckley 2,1
Base,1
B Jay,1
Basie,1
Buddy Taylor,1
Amira,1
Bug,1
Basje,1
Alma,1
Amma,1
Bumpkin,1
Bassa,1
Bungy,1
Bassey,1
Burmey,1
Bassil,1
Blink,1
Bastet,1
Aria,1
Basteyn,1
Arizona,1
June,1
Blu Kitty,1
Bastien,1
Blue Boy,1
Bastion,1
Arley,1
Bates,1
Bo Sun,1
Batman,1
Boadie,1
Bau,1
Albus,1
Amore,1
Armando,1
Baulder,1
Bobble,1
Bawse,1
Alea,1
August,1
Bocce,1
Ampersand,1
Alecai,1
Bay,1
Bodo,1
Bayah,1
Boggsy,1
Bayle,1
Arriety,1
Baylee,1
Bolli,1
Ailsa,1
Art,1
Amy Johnson,1
Artie,1
Baysey,1
Alexander Lloyd,1
Ana,1
Bong,1
Bazcal,1
Bonita,1
Anabelle,1
Bonney,1
Bazz,1
Bonno,1
Anais,1
Ashar,1
Bazzle,1
Ashbee,1
Anakie,1
Ashen,1
Analyce,1
Booga,1
Beaka,1
Booie,1
Beama,1
Boomba,1
Beamer,1
Boonie,1
Beamish,1
Ashishka,1
Anastacia,1
Booza,1
Beanie,1
Borgsy,1
Tuesday,1
Borric,1
Andi,1
Bose,1
Bear Gibbs,1
Boss (Archie),1
Bear Grills,1
Bossy,1
Beasley,1
Alfy,1
Beast,1
Bounty,1
Beatrice,1
Bowline,1
Beatrix,1
Boxer,1
Beattie,1
Boyo,1
Airies,1
Bozzo,1
Ando,1
Bradley,1
BEAUX,1
Attica,1
"""40""",1
Atticus Pigdon,1
Beba,1
Attila,1
Aiza,1
Audi,1
Bebop,1
Adalita,1
Beccy Lee,1
Brew,1
BECKETT,1
Brian Hammond,1
Aneesha,1
Alister,1
Beckie,1
Brighton,1
Anfis,1
Brinnie,1
Abby (chops),1
Britannia,1
Bede,1
Alkatraz,1
Angela,1
Allana,1
Bee Dee,1
Avana,1
Bee Jay,1
Brontie,1
Beedie,1
A-Jay,1
Beefy,1
Broozer,1
Beejay,1
Alley Kat,1
Beeky,1
Brucie,1
102,1
Brumus,1
Beemo,1
Bruny,1
Beeswax,1
Bruzer,1
Angelica,1
Ayra,1
Beetle,1
Ayva Lily,1
Beezel,1
Bubboo,1
Beggie,1
Azrael,1
BeJay,1
Buckle,1
Bekham,1
Azul,1
Bekky,1
Allora,1
Bel,1
Allouette,1
AJ Buttons,1
Babby,1
BelBel,1
Buell,1
Bele,1
Ally May,1
Angellica,1
Babi Ghorling,1
Abby Good Dog,1
Babs,1
Bella (Bianka),1
Bullett Merle Lightning,1
BELLA BABY,1
Bumble,1
Bella Bear,1
BUNDEE,1
Bella Boo,1
Bung Eye,1
Bella Cocoa Fiesty,1
Bacio,1
Bella Grace,1
Burli,1
Bella Lynda,1
Burpee,1
Bella Maria,1
Bagel,1
Bella May,1
Argus,1
Angie Ellen,1
Albey,1
Bella Sophia,1
Blitzen,1
Bella-Ella,1
Ariela,1
Bella-Lilly,1
Arj,1
Bella-Rose,1
Arjay,1
Bella*,1
Arky,1
Belladonna,1
Blue Blue,1
Bellah,1
Blue Ribbon,1
Bellamy,1
Bluebird,1
Bellatrix,1
Arli,1
Angle,1
Bo Jangles,1
Belle Precious,1
Bo-Daisy,1
Bellee (Belly),1
Boa,1
Belli,1
Boag,1
Ajax (Elizalea O'Toole),1
Boau,1
Bells,1
Bob 2,1
Beltza,1
Boba,1
"Angus ""Gus""",1
Bobbi - Sox,1
Angus-Mac,1
Bobbie Asterix,1
Bendigo,1
Aldi,1
Bendo Boo,1
Bobby McGee,1
Bengi,1
Bobi,1
Bengy,1
Boby,1
Abby Rose,1
Boddington,1
Benito,1
Bodey,1
Aniel,1
Bodi,1
Benjamine,1
Bodie (Vegas),1
Benjee,1
Arpie,1
Anika,1
Arrabella Jane,1
Benji Button,1
BOHEMIAN,1
Anjing,1
Bohoi,1
Benjii,1
Bojangles (Bo),1
Benjj,1
Bok,1
Benjy,1
Arron,1
Bennett,1
Bolto,1
Abcde,1
Bombah,1
Akasha,1
Achilles,1
Benny (Ben),1
Bon Bon Magoo,1
Benny Jnr,1
Boncheeta,1
Annabella,1
ALEXEI,1
Bent-Lee,1
Bonfiglio,1
BENTLEIGH,1
Bongi,1
Akela,1
Asachia,1
Bently,1
Bonita (Bonnie),1
Benton,1
Achilles Hairy Potter,1
Berci,1
Achilles Hector,1
Berg,1
Bonnie Doon,1
Berkley,1
Ashalee,1
Bermi,1
Bonoh,1
Bermuda,1
Bonus,1
Bernadette,1
Bonza,1
Aker,1
Ashbey,1
Annika,1
Ashe,1
Berri,1
Booff,1
Berry,1
Asherton,1
Anon,1
BOOGEDY,1
Anookie,1
Booh,1
Berty,1
Booker,1
Beryl,1
Boomar,1
Akhen,1
Ashika,1
Bessi,1
Boondi,1
Anse,1
Booster,1
Bessie Angel,1
Bootle Eagle,1
Antares,1
Achlles,1
Bestra,1
BOOTY,1
Anthonous,1
Boozer,1
Betsie,1
Border,1
Antipodes,1
Borine,1
Bette,1
Boris Holland,1
Bettie,1
Ashy Cat,1
Antoine,1
Alfonz,1
Bev,1
Acke,1
Bevis,1
Assimo,1
Bex,1
Boss Hog,1
Bezz,1
Bosston,1
BHOY,1
Bostock,1
Biagio,1
Asta,1
Antonina Madaffari,1
Bou,1
Biarni,1
Asteroid,1
Bibble,1
Bourbon,1
Bic,1
Action,1
Bickie,1
Bowsa,1
Bickies,1
Bowzer,1
Antonio,1
2Bob,1
Biddy Joy,1
Boyd,1
Anu,1
Alice Rascal,1
Biffy,1
Atlas,1
Big Dog,1
Atom,1
Big Kev,1
Braddy,1
Big Kitten,1
Bradman,1
Aki,1
Brahmi,1
Big Ronnie,1
Brambles,1
Anuk,1
Brando,1
Anuka,1
Brandy Alexander,1
Bijou,1
Branko,1
Bikkie,1
Attlas,1
Bilbi,1
Brea,1
Anuna,1
Breeanna,1
Bilko,1
Audio,1
Abebi,1
Breezy,1
Billa,1
Brenny,1
Billabong,1
Brewster,1
Billee,1
AUDRIE,1
"""BB""",1
Brick,1
Apex,1
Alistair,1
Billie Bob,1
Aunty Ev,1
Billie Smedts,1
Aurelia,1
Aphra,1
Brina,1
"Billy ""Racoon""",1
Brindy,1
"""Q""",1
Brinny,1
Billy Boy,1
Brit,1
Billy Fatcat,1
ALIYAN,1
Billy Felthouse,1
Briuser,1
Billy J Blue,1
Brixton,1
Billy-Joe,1
A-Angel,1
Billybob,1
Allee,1
Bily,1
Bronco,1
Able,1
Bronnie,1
Bindi (Indi),1
Axal,1
Bindi Eye,1
Axe,1
Bindi-Lee,1
Brony,1
"""Tabs""",1
Alley Cat,1
Bindii,1
Broomstick,1
Apricot,1
Brossy,1
Apryl,1
Browney,1
"Arabella ""Bell""",1
Alley May,1
Alaskah,1
Bruce Wayne,1
Araya,1
Brucy,1
Arazzma,1
Bruizer,1
Arbe,1
Brunno,1
Arcane,1
Brunswick,1
Archa,1
Brutis,1
Binny,1
Bruza,1
Bintang,1
Bry,1
Binty,1
Bryan,1
Bipi,1
Brydie,1
Bira,1
Ayriel,1
Archee,1
Bubbie,1
Birdy,1
Azlan,1
Birichina,1
Azra,1
Alastair,1
Bubka,1
Biscuit Cuddles,1
Bubu (Max),1
Biscuits,1
Buckets,1
Biskat,1
Azriel,1
Abraham,1
Buckli,1
Bisky,1
Bucky,1
Archibald,1
Azzura,1
Archibald Arnold,1
B J,1
Bitza,1
B-Dub,1
Bixby,1
Buddhia,1
Bizkit,1
Mon,1
Bizz,1
Buddy Love,1
Abree,1
Buderim,1
Black Betty,1
Buffa,1
Black Cat,1
Buffie,1
Black Jack,1
Buffy Jr (BJ),1
Black Labbath,1
Bugalugs,1
Black Mumba,1
Buki,1
Black Sooty,1
Bukka,1
Archimedes,1
Bulldozer,1
Archor,1
Bullett,1
Blackie/whitey,1
Baby Bear,1
Blackjack,1
Bully c,1
Blackwood,1
Bumper,1
Archy,1
Bumpy,1
Arco,1
Almore,1
Blaize,1
Alphonse,1
Ardi,1
Bungle,1
Ares,1
Alroy,1
Blanka,1
A.J. (Arnie Junior),1
Blay,1
Burley,1
Blayne,1
Burma,1
Arfa,1
Burnie,1
Alberto,1
Alvis,1
Bleezie,1
Bushy,1
Bleky,1
Argos,1